--
-- 表的结构 `tmm_zassignments`
--

CREATE TABLE IF NOT EXISTS `tmm_zassignments` (
  `itemname` varchar(64) NOT NULL,
  `userid` varchar(64) NOT NULL,
  `bizrule` text,
  `data` text,
  PRIMARY KEY (`itemname`,`userid`)
) ENGINE=InnoDB DEFAULT CHARSET=utf8;

--
-- 转存表中的数据 `tmm_zassignments`
--

INSERT INTO `tmm_zassignments` (`itemname`, `userid`, `bizrule`, `data`) VALUES
('中级用户账号管理角色', '1', '', 's:0:"";'),
('权限管理角色', '1', '', 's:0:"";');

-- --------------------------------------------------------

--
-- 表的结构 `tmm_zitemchilds`
--

CREATE TABLE IF NOT EXISTS `tmm_zitemchilds` (
  `parent` varchar(64) NOT NULL,
  `child` varchar(64) NOT NULL,
  PRIMARY KEY (`parent`,`child`),
  KEY `child` (`child`)
) ENGINE=InnoDB DEFAULT CHARSET=utf8;

--
-- 转存表中的数据 `tmm_zitemchilds`
--

INSERT INTO `tmm_zitemchilds` (`parent`, `child`) VALUES
('查看钱包管理', 'admin@Tmm_accountAdmin'),
('查看资金流水管理页', 'admin@Tmm_accountLogAdmin'),
('查看资金流水详情', 'admin@Tmm_accountLogView'),
('查看钱包详情', 'admin@Tmm_accountView'),
('查看活动管理', 'admin@Tmm_activesAdmin'),
('下线活动', 'admin@Tmm_activesDisable'),
('查看活动垃圾回收', 'admin@Tmm_activesIndex'),
('审核活动不通过', 'admin@Tmm_activesNopass'),
('包装活动', 'admin@Tmm_activesPack'),
('审核活动通过', 'admin@Tmm_activesPass'),
('查看活动标签', 'admin@Tmm_activesSelect'),
('上线活动', 'admin@Tmm_activesStart'),
('编辑活动标签', 'admin@Tmm_activesTags'),
('查看活动详情(审核之前)', 'admin@Tmm_activesView'),
('查看平台账号管理页', 'admin@Tmm_adminAdmin'),
('创建平台账号', 'admin@Tmm_adminCreate'),
('删除平台账号', 'admin@Tmm_adminDelete'),
('禁用平台账号', 'admin@Tmm_adminDisable'),
('添加导航', 'admin@Tmm_adminLinkCreate'),
('删除导航', 'admin@Tmm_adminLinkDelete'),
('删除导航分组', 'admin@Tmm_adminLinkDelete'),
('删除导航链接', 'admin@Tmm_adminLinkDelete'),
('禁用导航', 'admin@Tmm_adminLinkDisable'),
('禁用导航分组', 'admin@Tmm_adminLinkDisable'),
('禁用导航链接', 'admin@Tmm_adminLinkDisable'),
('添加导航分组', 'admin@Tmm_adminLinkGroup'),
('隐藏导航', 'admin@Tmm_adminLinkHide'),
('添加导航链接', 'admin@Tmm_adminLinkMenu'),
('移动导航链接', 'admin@Tmm_adminLinkMoveaction'),
('移动导航分组', 'admin@Tmm_adminLinkMovegroup'),
('显示导航', 'admin@Tmm_adminLinkShow'),
('更新导航分组排序', 'admin@Tmm_adminLinkSort'),
('更新导航排序', 'admin@Tmm_adminLinkSort'),
('更新导航链接排序', 'admin@Tmm_adminLinkSort'),
('启用导航', 'admin@Tmm_adminLinkStart'),
('启用导航分组', 'admin@Tmm_adminLinkStart'),
('启用导航链接', 'admin@Tmm_adminLinkStart'),
('编辑修改导航链接', 'admin@Tmm_adminLinkUpaction'),
('编辑修改导航', 'admin@Tmm_adminLinkUpdate'),
('编辑修改导航分组', 'admin@Tmm_adminLinkUpgroup'),
('查看导航分组详情', 'admin@Tmm_adminLinkView'),
('查看导航详情', 'admin@Tmm_adminLinkView'),
('查看导航链接详情', 'admin@Tmm_adminLinkView'),
('恢复平台账号', 'admin@Tmm_adminRestore'),
('启用平台账号', 'admin@Tmm_adminStart'),
('编辑平台账号', 'admin@Tmm_adminUpdate'),
('查看平台账号详情', 'admin@Tmm_adminView'),
('查看运营商账号管理页', 'admin@Tmm_agentAdmin'),
('设置运营商银行信息', 'admin@Tmm_agentBank'),
('创建运营商账号', 'admin@Tmm_agentCreate'),
('删除运营商账号', 'admin@Tmm_agentDelete'),
('设置运营商保证金', 'admin@Tmm_agentDeposit'),
('禁用运营商账号', 'admin@Tmm_agentDisable'),
('查看运营商垃圾回收站', 'admin@Tmm_agentIndex'),
('恢复运营商账号', 'admin@Tmm_agentRestore'),
('启用运营商账号', 'admin@Tmm_agentStart'),
('编辑运营商账号', 'admin@Tmm_agentUpdate'),
('查看运营商账号详情', 'admin@Tmm_agentView'),
('查看地址管理页', 'admin@Tmm_areaAdmin'),
('设置热门城市', 'admin@Tmm_areaHot'),
('查看地址详情', 'admin@Tmm_areaView'),
('查看审核日志管理页', 'admin@Tmm_auditLogAdmin'),
('查看审核日志详情页', 'admin@Tmm_auditLogView'),
('查看平台账单管理页', 'admin@Tmm_billsAdmin'),
('查看平台收益管理页', 'admin@Tmm_billsBills_count'),
('查看平台收益详情', 'admin@Tmm_billsCash_list'),
('查看平台账单详情', 'admin@Tmm_billsView'),
('查看结算申请管理页', 'admin@Tmm_cashAdmin'),
('结算申请复审操作', 'admin@Tmm_cashDoubles'),
('结算申请复审不通过', 'admin@Tmm_cashDoubles_nopass'),
('结算申请复审通过', 'admin@Tmm_cashDoubles_pass'),
('结算申请初审操作', 'admin@Tmm_cashFirets'),
('结算申请初审不通过', 'admin@Tmm_cashFirets_nopass'),
('结算申请初审通过', 'admin@Tmm_cashFirets_pass'),
('结算申请三审操作', 'admin@Tmm_cashSubmits'),
('结算申请三审不通过', 'admin@Tmm_cashSubmits_nopass'),
('结算申请三审通过', 'admin@Tmm_cashSubmits_pass'),
('查看结算申请详情', 'admin@Tmm_cashView'),
('查看保证金记录管理页', 'admin@Tmm_depositLogAdmin'),
('查看保证金记录详情', 'admin@Tmm_depositLogView'),
('查看景点管理页', 'admin@Tmm_dotAdmin'),
('提交景点审核', 'admin@Tmm_dotConfirm'),
('创建景点', 'admin@Tmm_dotCreate'),
('删除景点', 'admin@Tmm_dotDelete'),
('下线景点', 'admin@Tmm_dotDisable'),
('查看景点回收管理页', 'admin@Tmm_dotIndex'),
('景点审核不通过', 'admin@Tmm_dotNopass'),
('包装景点', 'admin@Tmm_dotPack'),
('景点审核通过', 'admin@Tmm_dotPass'),
('恢复景点', 'admin@Tmm_dotRestore'),
('上线景点', 'admin@Tmm_dotStart'),
('设置景点标签', 'admin@Tmm_dotTags'),
('编辑修改景点', 'admin@Tmm_dotUpdate'),
('查看景点详情', 'admin@Tmm_dotView'),
('查看吃项目管理页', 'admin@Tmm_eatAdmin'),
('提交吃项目审核', 'admin@Tmm_eatConfirm'),
('创建吃项目', 'admin@Tmm_eatCreate'),
('删除吃项目', 'admin@Tmm_eatDelete'),
('下线吃项目', 'admin@Tmm_eatDisable'),
('查看吃项目垃圾回收页', 'admin@Tmm_eatIndex'),
('吃项目审核不通过', 'admin@Tmm_eatNopass'),
('吃项目审核通过', 'admin@Tmm_eatPass'),
('恢复吃项目', 'admin@Tmm_eatRestore'),
('上线吃项目', 'admin@Tmm_eatStart'),
('添加吃项目tag', 'admin@Tmm_eatTags'),
('编辑吃项目', 'admin@Tmm_eatUpdate'),
('上传吃项目图片', 'admin@Tmm_eatUploads'),
('查看吃项目详情', 'admin@Tmm_eatView'),
('查看错误日志管理页', 'admin@Tmm_errorLogAdmin'),
('查看错误日志详情', 'admin@Tmm_errorLogView'),
('查看农产品外链管理页', 'admin@Tmm_farmOuterAdmin'),
('添加农产品外链', 'admin@Tmm_farmOuterCreate'),
('删除农产品外链', 'admin@Tmm_farmOuterDelete'),
('下线农产品外链', 'admin@Tmm_farmOuterDisable'),
('查看农产品外链回收管理页', 'admin@Tmm_farmOuterIndex'),
('恢复农产品外链', 'admin@Tmm_farmOuterRestore'),
('上线农产品外链', 'admin@Tmm_farmOuterStart'),
('编辑修改农产品外链', 'admin@Tmm_farmOuterUpdate'),
('查看农产品外链详情', 'admin@Tmm_farmOuterView'),
('查看住项目管理页', 'admin@Tmm_hotelAdmin'),
('提交住项目审核', 'admin@Tmm_hotelConfirm'),
('创建住项目', 'admin@Tmm_hotelCreate'),
('删除住项目', 'admin@Tmm_hotelDelete'),
('下线住项目', 'admin@Tmm_hotelDisable'),
('查看住项目垃圾回收页', 'admin@Tmm_hotelIndex'),
('住项目审核不通过', 'admin@Tmm_hotelNopass'),
('住项目审核通过', 'admin@Tmm_hotelPass'),
('恢复住项目', 'admin@Tmm_hotelRestore'),
('上线住项目', 'admin@Tmm_hotelStart'),
('添加住项目tag', 'admin@Tmm_hotelTags'),
('编辑住项目', 'admin@Tmm_hotelUpdate'),
('上传住项目图片', 'admin@Tmm_hotelUploads'),
('查看住项目详情', 'admin@Tmm_hotelView'),
('设置住项目酒店服务', 'admin@Tmm_hotelWifi'),
('查看全部项目管理页', 'admin@Tmm_itemsAdmin'),
('查看项目类型管理页', 'admin@Tmm_itemsClassliyAdmin'),
('创建项目类型', 'admin@Tmm_itemsClassliyCreate'),
('编辑修改项目类型', 'admin@Tmm_itemsClassliyUpdate'),
('查看项目类型详情', 'admin@Tmm_itemsClassliyView'),
('查看全部项目回收管理页', 'admin@Tmm_itemsIndex'),
('设置全部项目分成', 'admin@Tmm_itemsPush'),
('查看登录日志管理页', 'admin@Tmm_loginLogAdmin'),
('查看登录日志详情', 'admin@Tmm_loginLogView'),
('查看操作日志管理页', 'admin@Tmm_manageLogAdmin'),
('查看操作日志详情', 'admin@Tmm_manageLogView'),
('查看觅趣订单管理页', 'admin@Tmm_orderActives'),
('查看组织者活动订单管理页', 'admin@Tmm_orderActivesAdmin'),
('组织者活动订单申请退款', 'admin@Tmm_orderActivesRefund'),
('查看组织者活动订单详情', 'admin@Tmm_orderActivesView'),
('查看觅趣订单详情', 'admin@Tmm_orderActives_view'),
('查看觅境订单管理页', 'admin@Tmm_orderAdmin'),
('查看订单随行人员操作', 'admin@Tmm_orderRetinue'),
('查看订单随行人员管理页', 'admin@Tmm_orderRetinueAdmin'),
('禁用订单随行人员', 'admin@Tmm_orderRetinueDisable'),
('启用订单随行人员', 'admin@Tmm_orderRetinueStart'),
('编辑修改订单随行人员', 'admin@Tmm_orderRetinueUpdate'),
('查看订单随行人员详情', 'admin@Tmm_orderRetinueView'),
('查看觅境订单详情', 'admin@Tmm_orderView'),
('查看代理商账号管理页', 'admin@Tmm_organizerAdmin'),
('设置代理商银行信息', 'admin@Tmm_organizerBank'),
('创建代理商账号', 'admin@Tmm_organizerCreate'),
('删除代理商账号', 'admin@Tmm_organizerDelete'),
('设置代理商保证金', 'admin@Tmm_organizerDeposit'),
('禁用代理商账号', 'admin@Tmm_organizerDisable'),
('查看代理商账号垃圾回收页', 'admin@Tmm_organizerIndex'),
('代理商账号审核不通过', 'admin@Tmm_organizerNopass'),
('代理商账号审核通过', 'admin@Tmm_organizerPass'),
('恢复代理商账号', 'admin@Tmm_organizerRestore'),
('启用代理商账号', 'admin@Tmm_organizerStart'),
('编辑代理商账号', 'admin@Tmm_organizerUpdate'),
('查看代理商账号详情', 'admin@Tmm_organizerView'),
('查看玩项目管理页', 'admin@Tmm_playAdmin'),
('提交玩项目审核', 'admin@Tmm_playConfirm'),
('创建玩项目', 'admin@Tmm_playCreate'),
('删除玩项目', 'admin@Tmm_playDelete'),
('下线玩项目', 'admin@Tmm_playDisable'),
('查看玩项目垃圾回收页', 'admin@Tmm_playIndex'),
('玩项目审核不通过', 'admin@Tmm_playNopass'),
('玩项目审核通过', 'admin@Tmm_playPass'),
('恢复玩项目', 'admin@Tmm_playRestore'),
('上线玩项目', 'admin@Tmm_playStart'),
('添加玩项目tag', 'admin@Tmm_playTags'),
('编辑玩项目', 'admin@Tmm_playUpdate'),
('上传玩项目图片', 'admin@Tmm_playUploads'),
('查看玩项目详情', 'admin@Tmm_playView'),
('查看抽查管理页', 'admin@Tmm_pushAdmin'),
('查看抽成管理回收页', 'admin@Tmm_pushIndex'),
('查看抽成详情', 'admin@Tmm_pushView'),
('查看退款记录管理页', 'admin@Tmm_refundLogAdmin'),
('查看退款记录详情', 'admin@Tmm_refundLogView'),
('查看随行人员管理页', 'admin@Tmm_retinueAdmin'),
('创建随行人员', 'admin@Tmm_retinueCreate'),
('删除随行人员', 'admin@Tmm_retinueDelete'),
('禁用随行人员', 'admin@Tmm_retinueDisable'),
('查看随行人员垃圾回收页', 'admin@Tmm_retinueIndex'),
('恢复随行人员', 'admin@Tmm_retinueRestore'),
('启用随行人员', 'admin@Tmm_retinueStart'),
('编辑随行人员', 'admin@Tmm_retinueUpdate'),
('查看随行人员详情', 'admin@Tmm_retinueView'),
('查看全部内容管理页', 'admin@Tmm_shopsAdmin'),
('查看推荐内容管理页', 'admin@Tmm_shopsAdmin_selected'),
('查看内容类型管理页', 'admin@Tmm_shopsClassliyAdmin'),
('添加内容类型', 'admin@Tmm_shopsClassliyCreate'),
('编辑修改内容类型', 'admin@Tmm_shopsClassliyUpdate'),
('查看内容类型详情', 'admin@Tmm_shopsClassliyView'),
('查看全部内容回收管理页', 'admin@Tmm_shopsIndex'),
('取消内容推荐', 'admin@Tmm_shopsRemove'),
('设置内容非卖', 'admin@Tmm_shopsSale_no'),
('设置内容可卖', 'admin@Tmm_shopsSale_yes'),
('设置内容为推荐', 'admin@Tmm_shopsSelected'),
('置顶推荐内容', 'admin@Tmm_shopsSelected_tops'),
('取消置顶推荐内容', 'admin@Tmm_shopsSelected_tops_no'),
('置顶全部内容', 'admin@Tmm_shopsTops'),
('取消置顶全部内容', 'admin@Tmm_shopsTops_no'),
('查看软件更新管理页', 'admin@Tmm_softwareAdmin'),
('创建软件更新包', 'admin@Tmm_softwareCreate'),
('禁用软件更新包', 'admin@Tmm_softwareDisable'),
('下载软件更新包', 'admin@Tmm_softwareDownload'),
('启用软件更新包', 'admin@Tmm_softwareStart'),
('查看供应商账号管理页', 'admin@Tmm_storeAdmin'),
('设置供应商银行信息', 'admin@Tmm_storeBank'),
('创建供应商账号', 'admin@Tmm_storeCreate'),
('创建供应商子账号', 'admin@Tmm_storeCreateSon'),
('删除供应商账号', 'admin@Tmm_storeDelete'),
('删除供应商子账号', 'admin@Tmm_storeDeleteSon'),
('设置供应商保证金', 'admin@Tmm_storeDeposit'),
('禁用供应商账号', 'admin@Tmm_storeDisable'),
('禁用供应商子账号', 'admin@Tmm_storeDisableSon'),
('查看供应商账号垃圾回收页', 'admin@Tmm_storeIndex'),
('查看供应商子账号垃圾回收页', 'admin@Tmm_storeIndexSon'),
('恢复供应商账号', 'admin@Tmm_storeRestore'),
('恢复供应商子账号', 'admin@Tmm_storeRestoreSon'),
('添加供应商tag', 'admin@Tmm_storeSelect'),
('查看供应商子账号管理页', 'admin@Tmm_storeSon'),
('启用供应商账号', 'admin@Tmm_storeStart'),
('启用供应商子账号', 'admin@Tmm_storeStartSon'),
('编辑供应商账号', 'admin@Tmm_storeUpdate'),
('编辑供应商子账号', 'admin@Tmm_storeUpdateSon'),
('查看供应商账号详情', 'admin@Tmm_storeView'),
('查看供应商子账号详情', 'admin@Tmm_storeViewSon'),
('查看标签管理页', 'admin@Tmm_tagsAdmin'),
('创建标签', 'admin@Tmm_tagsCreate'),
('删除标签', 'admin@Tmm_tagsDelete'),
('禁用标签', 'admin@Tmm_tagsDisable'),
('查看标签回收管理页', 'admin@Tmm_tagsIndex'),
('恢复标签', 'admin@Tmm_tagsRestore'),
('启用标签', 'admin@Tmm_tagsStart'),
('查看标签分类管理页', 'admin@Tmm_tagsTypeAdmin'),
('创建标签分类', 'admin@Tmm_tagsTypeCreate'),
('删除标签分类', 'admin@Tmm_tagsTypeDelete'),
('禁用标签分类', 'admin@Tmm_tagsTypeDisable'),
('查看标签分类垃圾站', 'admin@Tmm_tagsTypeIndex'),
('恢复标签分类', 'admin@Tmm_tagsTypeRestore'),
('更新标签分类排序', 'admin@Tmm_tagsTypeSort'),
('更新标签排序', 'admin@Tmm_tagsTypeSort'),
('启用标签分类', 'admin@Tmm_tagsTypeStart'),
('添加标签分类tag', 'admin@Tmm_tagsTypeTags'),
('查看标签分类树形管理', 'admin@Tmm_tagsTypeTree'),
('编辑标签分类', 'admin@Tmm_tagsTypeUpdate'),
('查看标签分类详情', 'admin@Tmm_tagsTypeView'),
('编辑修改标签', 'admin@Tmm_tagsUpdate'),
('查看标签详情', 'admin@Tmm_tagsView'),
('查看线路管理页', 'admin@Tmm_thrandAdmin'),
('提交线路审核', 'admin@Tmm_thrandConfirm'),
('创建线路', 'admin@Tmm_thrandCreate'),
('删除线路', 'admin@Tmm_thrandDelete'),
('下线线路', 'admin@Tmm_thrandDisable'),
('查看线路垃圾回收管理页', 'admin@Tmm_thrandIndex'),
('线路审核不通过', 'admin@Tmm_thrandNopass'),
('包装线路', 'admin@Tmm_thrandPack'),
('线路审核通过', 'admin@Tmm_thrandPass'),
('恢复线路', 'admin@Tmm_thrandRestore'),
('上线线路', 'admin@Tmm_thrandStart'),
('设置线路标签', 'admin@Tmm_thrandTags'),
('编辑修改线路', 'admin@Tmm_thrandUpdate'),
('查看线路详情', 'admin@Tmm_thrandView'),
('查看线路点详情', 'admin@Tmm_thrandView_dot'),
('查看用户账号管理', 'admin@Tmm_userAdmin'),
('创建用户账号', 'admin@Tmm_userCreate'),
('删除用户账号', 'admin@Tmm_userDelete'),
('禁用用户账号', 'admin@Tmm_userDisable'),
('查看用户账号垃圾站', 'admin@Tmm_userIndex'),
('恢复用户账号', 'admin@Tmm_userRestore'),
('启用用户账号', 'admin@Tmm_userStart'),
('编辑用户账号标签', 'admin@Tmm_userTree'),
('编辑用户账号信息', 'admin@Tmm_userUpdate'),
('查看用户账号详情', 'admin@Tmm_userView'),
('查看酒店服务管理页', 'admin@Tmm_wifiAdmin'),
('创建酒店服务', 'admin@Tmm_wifiCreate'),
('删除酒店服务', 'admin@Tmm_wifiDelete'),
('禁用酒店服务', 'admin@Tmm_wifiDisable'),
('查看酒店服务垃圾站', 'admin@Tmm_wifiIndex'),
('恢复酒店服务', 'admin@Tmm_wifiRestore'),
('启用酒店服务', 'admin@Tmm_wifiStart'),
('编辑酒店服务', 'admin@Tmm_wifiUpdate'),
('查看酒店服务详情', 'admin@Tmm_wifiView'),
('权限管理任务', 'srbac@AuthitemAssign'),
('权限管理任务', 'srbac@AuthitemAssignments'),
('权限管理任务', 'srbac@AuthitemAuto'),
('权限管理任务', 'srbac@AuthitemAutocomplete'),
('权限管理任务', 'srbac@AuthitemAutoCreateItems'),
('权限管理任务', 'srbac@AuthitemAutoDeleteItems'),
('权限管理任务', 'srbac@AuthitemClearObsolete'),
('权限管理任务', 'srbac@AuthitemConfirm'),
('权限管理任务', 'srbac@AuthitemCreate'),
('权限管理任务', 'srbac@AuthitemDelete'),
('权限管理任务', 'srbac@AuthitemDeleteObsolete'),
('权限管理任务', 'srbac@AuthitemEditAllowed'),
('权限管理任务', 'srbac@AuthitemFrontPage'),
('权限管理任务', 'srbac@AuthitemGetCleverOpers'),
('权限管理任务', 'srbac@AuthitemGetOpers'),
('权限管理任务', 'srbac@AuthitemGetRoles'),
('权限管理任务', 'srbac@AuthitemGetTasks'),
('权限管理任务', 'srbac@AuthitemInstall'),
('权限管理任务', 'srbac@AuthitemList'),
('权限管理任务', 'srbac@AuthitemManage'),
('权限管理任务', 'srbac@AuthitemSaveAllowed'),
('权限管理任务', 'srbac@AuthitemScan'),
('权限管理任务', 'srbac@AuthitemShow'),
('权限管理任务', 'srbac@AuthitemShowAssignments'),
('权限管理任务', 'srbac@AuthitemUpdate'),
('中级住项目管理角色', '上传住项目图片'),
('高级住项目管理角色', '上传住项目图片'),
('中级吃项目管理角色', '上传吃项目图片'),
('高级吃项目管理角色', '上传吃项目图片'),
('中级玩项目管理角色', '上传玩项目图片'),
('高级玩项目管理角色', '上传玩项目图片'),
('中级住项目管理角色', '上线住项目'),
('高级住项目管理角色', '上线住项目'),
('中级农产品外链管理角色', '上线农产品外链'),
('高级农产品外链管理角色', '上线农产品外链'),
('中级吃项目管理角色', '上线吃项目'),
('高级吃项目管理角色', '上线吃项目'),
('中级景点管理角色', '上线景点'),
('高级景点管理角色', '上线景点'),
('中级觅趣活动管理角色', '上线活动'),
('高级觅趣活动管理角色', '上线活动'),
('中级玩项目管理角色', '上线玩项目'),
('高级玩项目管理角色', '上线玩项目'),
('中级线路管理角色', '上线线路'),
('高级线路管理角色', '上线线路'),
('中级住项目管理角色', '下线住项目'),
('高级住项目管理角色', '下线住项目'),
('中级农产品外链管理角色', '下线农产品外链'),
('高级农产品外链管理角色', '下线农产品外链'),
('中级吃项目管理角色', '下线吃项目'),
('高级吃项目管理角色', '下线吃项目'),
('中级景点管理角色', '下线景点'),
('高级景点管理角色', '下线景点'),
('中级觅趣活动管理角色', '下线活动'),
('高级觅趣活动管理角色', '下线活动'),
('中级玩项目管理角色', '下线玩项目'),
('高级玩项目管理角色', '下线玩项目'),
('中级线路管理角色', '下线线路'),
('高级线路管理角色', '下线线路'),
('中级软件包管理角色', '下载软件更新包'),
('普通软件包管理角色', '下载软件更新包'),
('中级代理商账号管理角色', '代理商账号审核不通过'),
('高级代理商账号管理角色', '代理商账号审核不通过'),
('中级代理商账号管理角色', '代理商账号审核通过'),
('高级代理商账号管理角色', '代理商账号审核通过'),
('中级住项目管理角色', '住项目审核不通过'),
('高级住项目管理角色', '住项目审核不通过'),
('中级住项目管理角色', '住项目审核通过'),
('高级住项目管理角色', '住项目审核通过'),
('中级代理商账号管理角色', '创建代理商账号'),
('高级代理商账号管理角色', '创建代理商账号'),
('中级住项目管理角色', '创建住项目'),
('高级住项目管理角色', '创建住项目'),
('中级供应商账号管理角色', '创建供应商子账号'),
('高级供应商账号管理角色', '创建供应商子账号'),
('中级供应商账号管理角色', '创建供应商账号'),
('高级供应商账号管理角色', '创建供应商账号'),
('中级吃项目管理角色', '创建吃项目'),
('高级吃项目管理角色', '创建吃项目'),
('中级平台管理角色', '创建平台账号'),
('高级平台管理角色', '创建平台账号'),
('中级景点管理角色', '创建景点'),
('高级景点管理角色', '创建景点'),
('中级标签管理角色', '创建标签'),
('高级标签管理角色', '创建标签'),
('中级标签分类管理角色', '创建标签分类'),
('高级标签分类管理角色', '创建标签分类'),
('中级玩项目管理角色', '创建玩项目'),
('高级玩项目管理角色', '创建玩项目'),
('中级用户账号管理角色', '创建用户账号'),
('高级用户账号管理角色', '创建用户账号'),
('中级线路管理角色', '创建线路'),
('高级线路管理角色', '创建线路'),
('中级软件包管理角色', '创建软件更新包'),
('中级运营商账号管理角色', '创建运营商账号'),
('高级运营商账号管理角色', '创建运营商账号'),
('中级酒店服务管理角色', '创建酒店服务'),
('高级酒店服务管理角色', '创建酒店服务'),
('中级用户账号管理角色', '创建随行人员'),
('高级用户账号管理角色', '创建随行人员'),
('中级项目类型管理角色', '创建项目类型'),
('高级代理商账号管理角色', '删除代理商账号'),
('高级住项目管理角色', '删除住项目'),
('高级供应商账号管理角色', '删除供应商子账号'),
('高级供应商账号管理角色', '删除供应商账号'),
('高级农产品外链管理角色', '删除农产品外链'),
('高级吃项目管理角色', '删除吃项目'),
('高级导航管理角色', '删除导航'),
('高级导航分组管理角色', '删除导航分组'),
('高级导航链接管理角色', '删除导航链接'),
('高级平台管理角色', '删除平台账号'),
('高级景点管理角色', '删除景点'),
('高级标签管理角色', '删除标签'),
('高级标签分类管理角色', '删除标签分类'),
('高级玩项目管理角色', '删除玩项目'),
('高级用户账号管理角色', '删除用户账号'),
('高级线路管理角色', '删除线路'),
('高级运营商账号管理角色', '删除运营商账号'),
('高级酒店服务管理角色', '删除酒店服务'),
('高级用户账号管理角色', '删除随行人员'),
('中级景点管理角色', '包装景点'),
('高级景点管理角色', '包装景点'),
('中级觅趣活动管理角色', '包装活动'),
('高级觅趣活动管理角色', '包装活动'),
('中级线路管理角色', '包装线路'),
('高级线路管理角色', '包装线路'),
('中级全部内容管理角色', '取消内容推荐'),
('中级推荐内容管理角色', '取消内容推荐'),
('中级推荐内容管理角色', '取消置顶推荐内容'),
('中级吃项目管理角色', '吃项目审核不通过'),
('高级吃项目管理角色', '吃项目审核不通过'),
('中级吃项目管理角色', '吃项目审核通过'),
('高级吃项目管理角色', '吃项目审核通过'),
('高级代理商账号管理角色', '启用代理商账号'),
('高级供应商账号管理角色', '启用供应商子账号'),
('高级供应商账号管理角色', '启用供应商账号'),
('中级导航管理角色', '启用导航'),
('高级导航管理角色', '启用导航'),
('中级导航分组管理角色', '启用导航分组'),
('高级导航分组管理角色', '启用导航分组'),
('中级导航链接管理角色', '启用导航链接'),
('高级导航链接管理角色', '启用导航链接'),
('高级平台管理角色', '启用平台账号'),
('中级标签管理角色', '启用标签'),
('高级标签管理角色', '启用标签'),
('高级标签分类管理角色', '启用标签分类'),
('高级用户账号管理角色', '启用用户账号'),
('中级订单随行人员管理角色', '启用订单随行人员'),
('中级软件包管理角色', '启用软件更新包'),
('高级运营商账号管理角色', '启用运营商账号'),
('高级酒店服务管理角色', '启用酒店服务'),
('高级用户账号管理角色', '启用随行人员'),
('中级觅趣活动管理角色', '审核活动不通过'),
('高级觅趣活动管理角色', '审核活动不通过'),
('中级觅趣活动管理角色', '审核活动通过'),
('高级觅趣活动管理角色', '审核活动通过'),
('高级代理商账号管理角色', '恢复代理商账号'),
('高级住项目管理角色', '恢复住项目'),
('高级供应商账号管理角色', '恢复供应商子账号'),
('高级供应商账号管理角色', '恢复供应商账号'),
('高级农产品外链管理角色', '恢复农产品外链'),
('高级吃项目管理角色', '恢复吃项目'),
('高级平台管理角色', '恢复平台账号'),
('高级标签管理角色', '恢复标签'),
('高级标签分类管理角色', '恢复标签分类'),
('高级玩项目管理角色', '恢复玩项目'),
('高级用户账号管理角色', '恢复用户账号'),
('高级线路管理角色', '恢复线路'),
('高级运营商账号管理角色', '恢复运营商账号'),
('高级酒店服务管理角色', '恢复酒店服务'),
('高级用户账号管理角色', '恢复随行人员'),
('中级住项目管理角色', '提交住项目审核'),
('中级吃项目管理角色', '提交吃项目审核'),
('高级吃项目管理角色', '提交吃项目审核'),
('中级景点管理角色', '提交景点审核'),
('高级景点管理角色', '提交景点审核'),
('中级玩项目管理角色', '提交玩项目审核'),
('中级线路管理角色', '提交线路审核'),
('高级线路管理角色', '提交线路审核'),
('中级导航管理角色', '显示导航'),
('高级导航管理角色', '显示导航'),
('中级景点管理角色', '景点审核不通过'),
('高级景点管理角色', '景点审核不通过'),
('中级景点管理角色', '景点审核通过'),
('高级景点管理角色', '景点审核通过'),
('中级导航分组管理角色', '更新导航分组排序'),
('高级导航分组管理角色', '更新导航分组排序'),
('中级导航管理角色', '更新导航排序'),
('高级导航管理角色', '更新导航排序'),
('中级导航链接管理角色', '更新导航链接排序'),
('高级导航链接管理角色', '更新导航链接排序'),
('中级标签分类管理角色', '更新标签分类排序'),
('中级标签管理角色', '更新标签分类排序'),
('权限管理角色', '权限管理任务'),
('高级代理商账号管理角色', '查看代理商账号垃圾回收页'),
('中级代理商账号管理角色', '查看代理商账号管理页'),
('普通代理商账号管理角色', '查看代理商账号管理页'),
('高级代理商账号管理角色', '查看代理商账号管理页'),
('中级代理商账号管理角色', '查看代理商账号详情'),
('普通代理商账号管理角色', '查看代理商账号详情'),
('高级代理商账号管理角色', '查看代理商账号详情'),
('高级住项目管理角色', '查看住项目垃圾回收页'),
('中级住项目管理角色', '查看住项目管理页'),
('普通住项目管理角色', '查看住项目管理页'),
('高级住项目管理角色', '查看住项目管理页'),
('中级住项目管理角色', '查看住项目详情'),
('普通住项目管理角色', '查看住项目详情'),
('高级住项目管理角色', '查看住项目详情'),
('高级供应商账号管理角色', '查看供应商子账号垃圾回收页'),
('中级供应商账号管理角色', '查看供应商子账号管理页'),
('普通供应商账号管理角色', '查看供应商子账号管理页'),
('高级供应商账号管理角色', '查看供应商子账号管理页'),
('中级供应商账号管理角色', '查看供应商子账号详情'),
('普通供应商账号管理角色', '查看供应商子账号详情'),
('高级供应商账号管理角色', '查看供应商子账号详情'),
('高级供应商账号管理角色', '查看供应商账号垃圾回收页'),
('中级供应商账号管理角色', '查看供应商账号管理页'),
('普通供应商账号管理角色', '查看供应商账号管理页'),
('高级供应商账号管理角色', '查看供应商账号管理页'),
('中级供应商账号管理角色', '查看供应商账号详情'),
('普通供应商账号管理角色', '查看供应商账号详情'),
('高级供应商账号管理角色', '查看供应商账号详情'),
('普通保证金管理角色', '查看保证金记录管理页'),
('普通保证金管理角色', '查看保证金记录详情'),
('中级全部内容管理角色', '查看全部内容管理页'),
('普通全部内容管理角色', '查看全部内容管理页'),
('高级全部项目管理角色', '查看全部项目回收管理页'),
('普通全部项目管理角色', '查看全部项目管理页'),
('高级全部项目管理角色', '查看全部项目管理页'),
('中级内容类型管理角色', '查看内容类型管理页'),
('普通内容类型管理角色', '查看内容类型管理页'),
('中级内容类型管理角色', '查看内容类型详情'),
('普通内容类型管理角色', '查看内容类型详情'),
('高级农产品外链管理角色', '查看农产品外链回收管理页'),
('中级农产品外链管理角色', '查看农产品外链管理页'),
('普通农产品外链管理角色', '查看农产品外链管理页'),
('高级农产品外链管理角色', '查看农产品外链管理页'),
('中级农产品外链管理角色', '查看农产品外链详情'),
('普通农产品外链管理角色', '查看农产品外链详情'),
('高级农产品外链管理角色', '查看农产品外链详情'),
('高级吃项目管理角色', '查看吃项目垃圾回收页'),
('中级吃项目管理角色', '查看吃项目管理页'),
('普通吃项目管理角色', '查看吃项目管理页'),
('高级吃项目管理角色', '查看吃项目管理页'),
('中级吃项目管理角色', '查看吃项目详情'),
('普通吃项目管理角色', '查看吃项目详情'),
('高级吃项目管理角色', '查看吃项目详情'),
('中级地址管理角色', '查看地址管理页'),
('普通地址管理角色', '查看地址管理页'),
('中级地址管理角色', '查看地址详情'),
('普通地址管理角色', '查看地址详情'),
('普通审核日志管理角色', '查看审核日志管理页'),
('普通审核日志管理角色', '查看审核日志详情页'),
('中级导航分组管理角色', '查看导航分组详情'),
('普通导航分组管理角色', '查看导航分组详情'),
('高级导航分组管理角色', '查看导航分组详情'),
('中级导航管理角色', '查看导航详情'),
('普通导航管理角色', '查看导航详情'),
('高级导航管理角色', '查看导航详情'),
('中级导航链接管理角色', '查看导航链接详情'),
('普通导航链接管理角色', '查看导航链接详情'),
('高级导航链接管理角色', '查看导航链接详情'),
('普通平台收益管理角色', '查看平台收益管理页'),
('普通平台收益管理角色', '查看平台收益详情'),
('普通平台账单管理角色', '查看平台账单管理页'),
('普通平台账单管理角色', '查看平台账单详情'),
('中级平台管理角色', '查看平台账号管理页'),
('普通平台管理角色', '查看平台账号管理页'),
('高级平台管理角色', '查看平台账号管理页'),
('中级平台管理角色', '查看平台账号详情'),
('普通平台管理角色', '查看平台账号详情'),
('高级平台管理角色', '查看平台账号详情'),
('高级抽成管理角色', '查看抽成管理回收页'),
('普通抽成管理角色', '查看抽成详情'),
('普通抽成管理角色', '查看抽查管理页'),
('中级推荐内容管理角色', '查看推荐内容管理页'),
('普通推荐内容管理角色', '查看推荐内容管理页'),
('普通操作日志管理角色', '查看操作日志管理页'),
('普通操作日志管理角色', '查看操作日志详情'),
('高级景点管理角色', '查看景点回收管理页'),
('中级景点管理角色', '查看景点管理页'),
('普通景点管理角色', '查看景点管理页'),
('高级景点管理角色', '查看景点管理页'),
('中级景点管理角色', '查看景点详情'),
('普通景点管理角色', '查看景点详情'),
('高级景点管理角色', '查看景点详情'),
('高级标签分类管理角色', '查看标签分类垃圾站'),
('中级标签分类管理角色', '查看标签分类树形管理'),
('高级标签分类管理角色', '查看标签分类树形管理'),
('中级标签分类管理角色', '查看标签分类管理页'),
('普通标签分类管理角色', '查看标签分类管理页'),
('高级标签分类管理角色', '查看标签分类管理页'),
('中级标签分类管理角色', '查看标签分类详情'),
('普通标签分类管理角色', '查看标签分类详情'),
('高级标签分类管理角色', '查看标签分类详情'),
('中级标签管理角色', '查看标签回收管理页'),
('高级标签管理角色', '查看标签回收管理页'),
('中级标签管理角色', '查看标签管理页'),
('普通标签管理角色', '查看标签管理页'),
('高级标签管理角色', '查看标签管理页'),
('中级标签管理角色', '查看标签详情'),
('普通标签管理角色', '查看标签详情'),
('高级标签管理角色', '查看标签详情'),
('高级觅趣活动管理角色', '查看活动垃圾回收'),
('中级觅趣活动管理角色', '查看活动标签'),
('普通觅趣活动管理角色', '查看活动标签'),
('高级觅趣活动管理角色', '查看活动标签'),
('中级觅趣活动管理角色', '查看活动管理'),
('普通觅趣活动管理角色', '查看活动管理'),
('高级觅趣活动管理角色', '查看活动管理'),
('中级觅趣活动管理角色', '查看活动详情(审核之前)'),
('普通觅趣活动管理角色', '查看活动详情(审核之前)'),
('高级觅趣活动管理角色', '查看活动详情(审核之前)'),
('高级玩项目管理角色', '查看玩项目垃圾回收页'),
('中级玩项目管理角色', '查看玩项目管理页'),
('普通玩项目管理角色', '查看玩项目管理页'),
('高级玩项目管理角色', '查看玩项目管理页'),
('中级玩项目管理角色', '查看玩项目详情'),
('普通玩项目管理角色', '查看玩项目详情'),
('高级玩项目管理角色', '查看玩项目详情'),
('高级用户账号管理角色', '查看用户账号垃圾站'),
('中级用户账号管理角色', '查看用户账号管理'),
('普通用户账号管理角色', '查看用户账号管理'),
('高级用户账号管理角色', '查看用户账号管理'),
('中级用户账号管理角色', '查看用户账号详情'),
('普通用户账号管理角色', '查看用户账号详情'),
('高级用户账号管理角色', '查看用户账号详情'),
('普通登录日志管理角色', '查看登录日志管理页'),
('普通登录日志管理角色', '查看登录日志详情'),
('高级线路管理角色', '查看线路垃圾回收管理页'),
('中级线路管理角色', '查看线路点详情'),
('普通线路管理角色', '查看线路点详情'),
('高级线路管理角色', '查看线路点详情'),
('中级线路管理角色', '查看线路管理页'),
('普通线路管理角色', '查看线路管理页'),
('高级线路管理角色', '查看线路管理页'),
('中级线路管理角色', '查看线路详情'),
('普通线路管理角色', '查看线路详情'),
('高级线路管理角色', '查看线路详情'),
('中级组织者活动订单管理角色', '查看组织者活动订单管理页'),
('普通组织者活动订单管理角色', '查看组织者活动订单管理页'),
('中级组织者活动订单管理角色', '查看组织者活动订单详情'),
('普通组织者活动订单管理角色', '查看组织者活动订单详情'),
('中级结算申请管理角色', '查看结算申请管理页'),
('普通结算申请管理角色', '查看结算申请管理页'),
('中级结算申请管理角色', '查看结算申请详情'),
('普通结算申请管理角色', '查看结算申请详情'),
('普通觅境订单管理角色', '查看觅境订单管理页'),
('普通觅境订单管理角色', '查看觅境订单详情'),
('普通觅趣订单管理角色', '查看觅趣订单管理页'),
('普通觅趣订单管理角色', '查看觅趣订单详情'),
('普通觅境订单管理角色', '查看订单随行人员操作'),
('普通觅趣订单管理角色', '查看订单随行人员操作'),
('中级订单随行人员管理角色', '查看订单随行人员管理页'),
('普通订单随行人员管理角色', '查看订单随行人员管理页'),
('中级订单随行人员管理角色', '查看订单随行人员详情'),
('普通订单随行人员管理角色', '查看订单随行人员详情'),
('中级软件包管理角色', '查看软件更新管理页'),
('普通软件包管理角色', '查看软件更新管理页'),
('高级运营商账号管理角色', '查看运营商垃圾回收站'),
('中级运营商账号管理角色', '查看运营商账号管理页'),
('普通运营商账号管理角色', '查看运营商账号管理页'),
('高级运营商账号管理角色', '查看运营商账号管理页'),
('中级运营商账号管理角色', '查看运营商账号详情'),
('普通运营商账号管理角色', '查看运营商账号详情'),
('高级运营商账号管理角色', '查看运营商账号详情'),
('高级酒店服务管理角色', '查看酒店服务垃圾站'),
('中级酒店服务管理角色', '查看酒店服务管理页'),
('普通酒店服务管理角色', '查看酒店服务管理页'),
('高级酒店服务管理角色', '查看酒店服务管理页'),
('中级酒店服务管理角色', '查看酒店服务详情'),
('普通酒店服务管理角色', '查看酒店服务详情'),
('高级酒店服务管理角色', '查看酒店服务详情'),
('普通钱包管理管理角色', '查看钱包管理'),
('普通钱包管理管理角色', '查看钱包详情'),
('普通错误日志管理角色', '查看错误日志管理页'),
('普通错误日志管理角色', '查看错误日志详情'),
('高级用户账号管理角色', '查看随行人员垃圾回收页'),
('中级用户账号管理角色', '查看随行人员管理页'),
('普通用户账号管理角色', '查看随行人员管理页'),
('高级用户账号管理角色', '查看随行人员管理页'),
('中级用户账号管理角色', '查看随行人员详情'),
('普通用户账号管理角色', '查看随行人员详情'),
('高级用户账号管理角色', '查看随行人员详情'),
('中级项目类型管理角色', '查看项目类型管理页'),
('普通项目类型管理角色', '查看项目类型管理页'),
('中级项目类型管理角色', '查看项目类型详情'),
('普通项目类型管理角色', '查看项目类型详情'),
('中级住项目管理角色', '添加住项目tag'),
('高级住项目管理角色', '添加住项目tag'),
('中级供应商账号管理角色', '添加供应商tag'),
('高级供应商账号管理角色', '添加供应商tag'),
('中级内容类型管理角色', '添加内容类型'),
('中级农产品外链管理角色', '添加农产品外链'),
('高级农产品外链管理角色', '添加农产品外链'),
('中级吃项目管理角色', '添加吃项目tag'),
('高级吃项目管理角色', '添加吃项目tag'),
('中级导航管理角色', '添加导航'),
('高级导航管理角色', '添加导航'),
('中级导航分组管理角色', '添加导航分组'),
('高级导航分组管理角色', '添加导航分组'),
('中级导航链接管理角色', '添加导航链接'),
('高级导航链接管理角色', '添加导航链接'),
('中级标签分类管理角色', '添加标签分类tag'),
('高级标签分类管理角色', '添加标签分类tag'),
('中级玩项目管理角色', '添加玩项目tag'),
('高级玩项目管理角色', '添加玩项目tag'),
('中级玩项目管理角色', '玩项目审核不通过'),
('高级玩项目管理角色', '玩项目审核不通过'),
('中级玩项目管理角色', '玩项目审核通过'),
('高级玩项目管理角色', '玩项目审核通过'),
('高级代理商账号管理角色', '禁用代理商账号'),
('高级供应商账号管理角色', '禁用供应商子账号'),
('高级供应商账号管理角色', '禁用供应商账号'),
('中级导航管理角色', '禁用导航'),
('高级导航管理角色', '禁用导航'),
('中级导航分组管理角色', '禁用导航分组'),
('高级导航分组管理角色', '禁用导航分组'),
('中级导航链接管理角色', '禁用导航链接'),
('高级导航链接管理角色', '禁用导航链接'),
('高级平台管理角色', '禁用平台账号'),
('中级标签管理角色', '禁用标签'),
('高级标签管理角色', '禁用标签'),
('高级标签分类管理角色', '禁用标签分类'),
('高级用户账号管理角色', '禁用用户账号'),
('中级订单随行人员管理角色', '禁用订单随行人员'),
('中级软件包管理角色', '禁用软件更新包'),
('高级运营商账号管理角色', '禁用运营商账号'),
('高级酒店服务管理角色', '禁用酒店服务'),
('高级用户账号管理角色', '禁用随行人员'),
('中级导航分组管理角色', '移动导航分组'),
('高级导航分组管理角色', '移动导航分组'),
('中级导航链接管理角色', '移动导航链接'),
('高级导航链接管理角色', '移动导航链接'),
('中级线路管理角色', '线路审核不通过'),
('高级线路管理角色', '线路审核不通过'),
('中级线路管理角色', '线路审核通过'),
('高级线路管理角色', '线路审核通过'),
('中级结算申请管理角色', '结算申请三审不通过'),
('中级结算申请管理角色', '结算申请三审操作'),
('中级结算申请管理角色', '结算申请三审通过'),
('中级结算申请管理角色', '结算申请初审不通过'),
('中级结算申请管理角色', '结算申请初审操作'),
('中级结算申请管理角色', '结算申请初审通过'),
('中级结算申请管理角色', '结算申请复审不通过'),
('中级结算申请管理角色', '结算申请复审操作'),
('中级结算申请管理角色', '结算申请复审通过'),
('中级代理商账号管理角色', '编辑代理商账号'),
('高级代理商账号管理角色', '编辑代理商账号'),
('中级住项目管理角色', '编辑住项目'),
('高级住项目管理角色', '编辑住项目'),
('中级供应商账号管理角色', '编辑供应商子账号'),
('高级供应商账号管理角色', '编辑供应商子账号'),
('中级供应商账号管理角色', '编辑供应商账号'),
('高级供应商账号管理角色', '编辑供应商账号'),
('中级内容类型管理角色', '编辑修改内容类型'),
('中级农产品外链管理角色', '编辑修改农产品外链'),
('高级农产品外链管理角色', '编辑修改农产品外链'),
('中级导航管理角色', '编辑修改导航'),
('高级导航管理角色', '编辑修改导航'),
('中级导航分组管理角色', '编辑修改导航分组'),
('高级导航分组管理角色', '编辑修改导航分组'),
('中级导航链接管理角色', '编辑修改导航链接'),
('高级导航链接管理角色', '编辑修改导航链接'),
('中级景点管理角色', '编辑修改景点'),
('高级景点管理角色', '编辑修改景点'),
('中级标签管理角色', '编辑修改标签'),
('高级标签管理角色', '编辑修改标签'),
('中级线路管理角色', '编辑修改线路'),
('高级线路管理角色', '编辑修改线路'),
('中级订单随行人员管理角色', '编辑修改订单随行人员'),
('中级项目类型管理角色', '编辑修改项目类型'),
('中级吃项目管理角色', '编辑吃项目'),
('高级吃项目管理角色', '编辑吃项目'),
('中级平台管理角色', '编辑平台账号'),
('高级平台管理角色', '编辑平台账号'),
('中级标签分类管理角色', '编辑标签分类'),
('高级标签分类管理角色', '编辑标签分类'),
('中级觅趣活动管理角色', '编辑活动标签'),
('高级觅趣活动管理角色', '编辑活动标签'),
('中级玩项目管理角色', '编辑玩项目'),
('高级玩项目管理角色', '编辑玩项目'),
('中级用户账号管理角色', '编辑用户账号信息'),
('高级用户账号管理角色', '编辑用户账号信息'),
('中级用户账号管理角色', '编辑用户账号标签'),
('高级用户账号管理角色', '编辑用户账号标签'),
('中级运营商账号管理角色', '编辑运营商账号'),
('高级运营商账号管理角色', '编辑运营商账号'),
('中级酒店服务管理角色', '编辑酒店服务'),
('高级酒店服务管理角色', '编辑酒店服务'),
('中级用户账号管理角色', '编辑随行人员'),
('高级用户账号管理角色', '编辑随行人员'),
('中级全部内容管理角色', '置顶全部内容'),
('中级推荐内容管理角色', '置顶推荐内容'),
('高级代理商账号管理角色', '设置代理商保证金'),
('高级代理商账号管理角色', '设置代理商银行信息'),
('高级供应商账号管理角色', '设置供应商保证金'),
('高级供应商账号管理角色', '设置供应商银行信息'),
('高级全部项目管理角色', '设置全部项目分成'),
('中级全部内容管理角色', '设置内容为推荐'),
('中级推荐内容管理角色', '设置内容为推荐'),
('中级全部内容管理角色', '设置内容可卖'),
('中级全部内容管理角色', '设置内容非卖'),
('中级景点管理角色', '设置景点标签'),
('高级景点管理角色', '设置景点标签'),
('中级地址管理角色', '设置热门城市'),
('中级线路管理角色', '设置线路标签'),
('高级线路管理角色', '设置线路标签'),
('高级运营商账号管理角色', '设置运营商保证金'),
('高级运营商账号管理角色', '设置运营商银行信息'),
('中级导航管理角色', '隐藏导航'),
('高级导航管理角色', '隐藏导航');

-- --------------------------------------------------------

--
-- 表的结构 `tmm_zitems`
--

CREATE TABLE IF NOT EXISTS `tmm_zitems` (
  `name` varchar(64) NOT NULL,
  `type` int(11) NOT NULL,
  `description` text,
  `bizrule` text,
  `data` text,
  PRIMARY KEY (`name`)
) ENGINE=InnoDB DEFAULT CHARSET=utf8;

--
-- 转存表中的数据 `tmm_zitems`
--

INSERT INTO `tmm_zitems` (`name`, `type`, `description`, `bizrule`, `data`) VALUES
('admin@Tmm_accountAdmin', 0, NULL, NULL, 'N;'),
('admin@Tmm_accountLogAdmin', 0, NULL, NULL, 'N;'),
('admin@Tmm_accountLogView', 0, NULL, NULL, 'N;'),
('admin@Tmm_accountView', 0, NULL, NULL, 'N;'),
('admin@Tmm_activesAdmin', 0, NULL, NULL, 'N;'),
('admin@Tmm_activesDisable', 0, NULL, NULL, 'N;'),
('admin@Tmm_activesIndex', 0, NULL, NULL, 'N;'),
('admin@Tmm_activesNopass', 0, NULL, NULL, 'N;'),
('admin@Tmm_activesPack', 0, NULL, NULL, 'N;'),
('admin@Tmm_activesPass', 0, NULL, NULL, 'N;'),
('admin@Tmm_activesSelect', 0, NULL, NULL, 'N;'),
('admin@Tmm_activesStart', 0, NULL, NULL, 'N;'),
('admin@Tmm_activesTags', 0, NULL, NULL, 'N;'),
('admin@Tmm_activesView', 0, NULL, NULL, 'N;'),
('admin@Tmm_adminAdmin', 0, NULL, NULL, 'N;'),
('admin@Tmm_adminClear', 0, NULL, NULL, 'N;'),
('admin@Tmm_adminCreate', 0, NULL, NULL, 'N;'),
('admin@Tmm_adminDelete', 0, NULL, NULL, 'N;'),
('admin@Tmm_adminDisable', 0, NULL, NULL, 'N;'),
('admin@Tmm_adminIndex', 0, NULL, NULL, 'N;'),
('admin@Tmm_adminLinkCreate', 0, NULL, NULL, 'N;'),
('admin@Tmm_adminLinkDelete', 0, NULL, NULL, 'N;'),
('admin@Tmm_adminLinkDisable', 0, NULL, NULL, 'N;'),
('admin@Tmm_adminLinkGroup', 0, NULL, NULL, 'N;'),
('admin@Tmm_adminLinkHide', 0, NULL, NULL, 'N;'),
('admin@Tmm_adminLinkMenu', 0, NULL, NULL, 'N;'),
('admin@Tmm_adminLinkMoveaction', 0, NULL, NULL, 'N;'),
('admin@Tmm_adminLinkMovegroup', 0, NULL, NULL, 'N;'),
('admin@Tmm_adminLinkShow', 0, NULL, NULL, 'N;'),
('admin@Tmm_adminLinkSort', 0, NULL, NULL, 'N;'),
('admin@Tmm_adminLinkStart', 0, NULL, NULL, 'N;'),
('admin@Tmm_adminLinkUpaction', 0, NULL, NULL, 'N;'),
('admin@Tmm_adminLinkUpdate', 0, NULL, NULL, 'N;'),
('admin@Tmm_adminLinkUpgroup', 0, NULL, NULL, 'N;'),
('admin@Tmm_adminLinkView', 0, NULL, NULL, 'N;'),
('admin@Tmm_adminRestore', 0, NULL, NULL, 'N;'),
('admin@Tmm_adminStart', 0, NULL, NULL, 'N;'),
('admin@Tmm_adminUpdate', 0, NULL, NULL, 'N;'),
('admin@Tmm_adminView', 0, NULL, NULL, 'N;'),
('admin@Tmm_agentAdmin', 0, NULL, NULL, 'N;'),
('admin@Tmm_agentBank', 0, NULL, NULL, 'N;'),
('admin@Tmm_agentClear', 0, NULL, NULL, 'N;'),
('admin@Tmm_agentCreate', 0, NULL, NULL, 'N;'),
('admin@Tmm_agentDelete', 0, NULL, NULL, 'N;'),
('admin@Tmm_agentDeposit', 0, NULL, NULL, 'N;'),
('admin@Tmm_agentDisable', 0, NULL, NULL, 'N;'),
('admin@Tmm_agentIndex', 0, NULL, NULL, 'N;'),
('admin@Tmm_agentRestore', 0, NULL, NULL, 'N;'),
('admin@Tmm_agentStart', 0, NULL, NULL, 'N;'),
('admin@Tmm_agentTree', 0, NULL, NULL, 'N;'),
('admin@Tmm_agentUpdate', 0, NULL, NULL, 'N;'),
('admin@Tmm_agentView', 0, NULL, NULL, 'N;'),
('admin@Tmm_areaAdmin', 0, NULL, NULL, 'N;'),
('admin@Tmm_areaHot', 0, NULL, NULL, 'N;'),
('admin@Tmm_areaView', 0, NULL, NULL, 'N;'),
('admin@Tmm_auditLogAdmin', 0, NULL, NULL, 'N;'),
('admin@Tmm_auditLogView', 0, NULL, NULL, 'N;'),
('admin@Tmm_billsAdmin', 0, NULL, NULL, 'N;'),
('admin@Tmm_billsBills_count', 0, NULL, NULL, 'N;'),
('admin@Tmm_billsCash_list', 0, NULL, NULL, 'N;'),
('admin@Tmm_billsView', 0, NULL, NULL, 'N;'),
('admin@Tmm_cashAdmin', 0, NULL, NULL, 'N;'),
('admin@Tmm_cashDoubles', 0, NULL, NULL, 'N;'),
('admin@Tmm_cashDoubles_nopass', 0, NULL, NULL, 'N;'),
('admin@Tmm_cashDoubles_pass', 0, NULL, NULL, 'N;'),
('admin@Tmm_cashFirets', 0, NULL, NULL, 'N;'),
('admin@Tmm_cashFirets_nopass', 0, NULL, NULL, 'N;'),
('admin@Tmm_cashFirets_pass', 0, NULL, NULL, 'N;'),
('admin@Tmm_cashSubmits', 0, NULL, NULL, 'N;'),
('admin@Tmm_cashSubmits_nopass', 0, NULL, NULL, 'N;'),
('admin@Tmm_cashSubmits_pass', 0, NULL, NULL, 'N;'),
('admin@Tmm_cashView', 0, NULL, NULL, 'N;'),
('admin@Tmm_depositLogAdmin', 0, NULL, NULL, 'N;'),
('admin@Tmm_depositLogView', 0, NULL, NULL, 'N;'),
('admin@Tmm_dotAdmin', 0, NULL, NULL, 'N;'),
('admin@Tmm_dotConfirm', 0, NULL, NULL, 'N;'),
('admin@Tmm_dotCreate', 0, NULL, NULL, 'N;'),
('admin@Tmm_dotDelete', 0, NULL, NULL, 'N;'),
('admin@Tmm_dotDisable', 0, NULL, NULL, 'N;'),
('admin@Tmm_dotIndex', 0, NULL, NULL, 'N;'),
('admin@Tmm_dotNopass', 0, NULL, NULL, 'N;'),
('admin@Tmm_dotPack', 0, NULL, NULL, 'N;'),
('admin@Tmm_dotPass', 0, NULL, NULL, 'N;'),
('admin@Tmm_dotRestore', 0, NULL, NULL, 'N;'),
('admin@Tmm_dotStart', 0, NULL, NULL, 'N;'),
('admin@Tmm_dotTags', 0, NULL, NULL, 'N;'),
('admin@Tmm_dotUpdate', 0, NULL, NULL, 'N;'),
('admin@Tmm_dotView', 0, NULL, NULL, 'N;'),
('admin@Tmm_eatAdmin', 0, NULL, NULL, 'N;'),
('admin@Tmm_eatClear', 0, NULL, NULL, 'N;'),
('admin@Tmm_eatConfirm', 0, NULL, NULL, 'N;'),
('admin@Tmm_eatCreate', 0, NULL, NULL, 'N;'),
('admin@Tmm_eatDelete', 0, NULL, NULL, 'N;'),
('admin@Tmm_eatDisable', 0, NULL, NULL, 'N;'),
('admin@Tmm_eatIndex', 0, NULL, NULL, 'N;'),
('admin@Tmm_eatNopass', 0, NULL, NULL, 'N;'),
('admin@Tmm_eatPass', 0, NULL, NULL, 'N;'),
('admin@Tmm_eatRestore', 0, NULL, NULL, 'N;'),
('admin@Tmm_eatSelect', 0, NULL, NULL, 'N;'),
('admin@Tmm_eatStart', 0, NULL, NULL, 'N;'),
('admin@Tmm_eatTags', 0, NULL, NULL, 'N;'),
('admin@Tmm_eatUpdate', 0, NULL, NULL, 'N;'),
('admin@Tmm_eatUploads', 0, NULL, NULL, 'N;'),
('admin@Tmm_eatView', 0, NULL, NULL, 'N;'),
('admin@Tmm_errorLogAdmin', 0, NULL, NULL, 'N;'),
('admin@Tmm_errorLogView', 0, NULL, NULL, 'N;'),
('admin@Tmm_farmOuterAdmin', 0, NULL, NULL, 'N;'),
('admin@Tmm_farmOuterCreate', 0, NULL, NULL, 'N;'),
('admin@Tmm_farmOuterDelete', 0, NULL, NULL, 'N;'),
('admin@Tmm_farmOuterDisable', 0, NULL, NULL, 'N;'),
('admin@Tmm_farmOuterIndex', 0, NULL, NULL, 'N;'),
('admin@Tmm_farmOuterRestore', 0, NULL, NULL, 'N;'),
('admin@Tmm_farmOuterStart', 0, NULL, NULL, 'N;'),
('admin@Tmm_farmOuterUpdate', 0, NULL, NULL, 'N;'),
('admin@Tmm_farmOuterView', 0, NULL, NULL, 'N;'),
('admin@Tmm_hotelAdmin', 0, NULL, NULL, 'N;'),
('admin@Tmm_hotelClear', 0, NULL, NULL, 'N;'),
('admin@Tmm_hotelConfirm', 0, NULL, NULL, 'N;'),
('admin@Tmm_hotelCreate', 0, NULL, NULL, 'N;'),
('admin@Tmm_hotelDelete', 0, NULL, NULL, 'N;'),
('admin@Tmm_hotelDisable', 0, NULL, NULL, 'N;'),
('admin@Tmm_hotelIndex', 0, NULL, NULL, 'N;'),
('admin@Tmm_hotelNopass', 0, NULL, NULL, 'N;'),
('admin@Tmm_hotelPass', 0, NULL, NULL, 'N;'),
('admin@Tmm_hotelRestore', 0, NULL, NULL, 'N;'),
('admin@Tmm_hotelSelect', 0, NULL, NULL, 'N;'),
('admin@Tmm_hotelStart', 0, NULL, NULL, 'N;'),
('admin@Tmm_hotelTags', 0, NULL, NULL, 'N;'),
('admin@Tmm_hotelUpdate', 0, NULL, NULL, 'N;'),
('admin@Tmm_hotelUploads', 0, NULL, NULL, 'N;'),
('admin@Tmm_hotelUpwifi', 0, NULL, NULL, 'N;'),
('admin@Tmm_hotelView', 0, NULL, NULL, 'N;'),
('admin@Tmm_hotelWifi', 0, NULL, NULL, 'N;'),
('admin@Tmm_itemsAdmin', 0, NULL, NULL, 'N;'),
('admin@Tmm_itemsClassliyAdmin', 0, NULL, NULL, 'N;'),
('admin@Tmm_itemsClassliyCreate', 0, NULL, NULL, 'N;'),
('admin@Tmm_itemsClassliyUpdate', 0, NULL, NULL, 'N;'),
('admin@Tmm_itemsClassliyView', 0, NULL, NULL, 'N;'),
('admin@Tmm_itemsIndex', 0, NULL, NULL, 'N;'),
('admin@Tmm_itemsPush', 0, NULL, NULL, 'N;'),
('admin@Tmm_loginLogAdmin', 0, NULL, NULL, 'N;'),
('admin@Tmm_loginLogView', 0, NULL, NULL, 'N;'),
('admin@Tmm_loginOut', 0, NULL, NULL, 'N;'),
('admin@Tmm_manageLogAdmin', 0, NULL, NULL, 'N;'),
('admin@Tmm_manageLogView', 0, NULL, NULL, 'N;'),
('admin@Tmm_orderActives', 0, NULL, NULL, 'N;'),
('admin@Tmm_orderActivesAdmin', 0, NULL, NULL, 'N;'),
('admin@Tmm_orderActivesRefund', 0, NULL, NULL, 'N;'),
('admin@Tmm_orderActivesView', 0, NULL, NULL, 'N;'),
('admin@Tmm_orderActives_view', 0, NULL, NULL, 'N;'),
('admin@Tmm_orderAdmin', 0, NULL, NULL, 'N;'),
('admin@Tmm_orderRetinue', 0, NULL, NULL, 'N;'),
('admin@Tmm_orderRetinueAdmin', 0, NULL, NULL, 'N;'),
('admin@Tmm_orderRetinueDisable', 0, NULL, NULL, 'N;'),
('admin@Tmm_orderRetinueStart', 0, NULL, NULL, 'N;'),
('admin@Tmm_orderRetinueUpdate', 0, NULL, NULL, 'N;'),
('admin@Tmm_orderRetinueView', 0, NULL, NULL, 'N;'),
('admin@Tmm_orderView', 0, NULL, NULL, 'N;'),
('admin@Tmm_organizerAdmin', 0, NULL, NULL, 'N;'),
('admin@Tmm_organizerBank', 0, NULL, NULL, 'N;'),
('admin@Tmm_organizerClear', 0, NULL, NULL, 'N;'),
('admin@Tmm_organizerCreate', 0, NULL, NULL, 'N;'),
('admin@Tmm_organizerDelete', 0, NULL, NULL, 'N;'),
('admin@Tmm_organizerDeposit', 0, NULL, NULL, 'N;'),
('admin@Tmm_organizerDisable', 0, NULL, NULL, 'N;'),
('admin@Tmm_organizerIndex', 0, NULL, NULL, 'N;'),
('admin@Tmm_organizerNopass', 0, NULL, NULL, 'N;'),
('admin@Tmm_organizerPass', 0, NULL, NULL, 'N;'),
('admin@Tmm_organizerRestore', 0, NULL, NULL, 'N;'),
('admin@Tmm_organizerStart', 0, NULL, NULL, 'N;'),
('admin@Tmm_organizerUpdate', 0, NULL, NULL, 'N;'),
('admin@Tmm_organizerView', 0, NULL, NULL, 'N;'),
('admin@Tmm_playAdmin', 0, NULL, NULL, 'N;'),
('admin@Tmm_playClear', 0, NULL, NULL, 'N;'),
('admin@Tmm_playConfirm', 0, NULL, NULL, 'N;'),
('admin@Tmm_playCreate', 0, NULL, NULL, 'N;'),
('admin@Tmm_playDelete', 0, NULL, NULL, 'N;'),
('admin@Tmm_playDisable', 0, NULL, NULL, 'N;'),
('admin@Tmm_playIndex', 0, NULL, NULL, 'N;'),
('admin@Tmm_playNopass', 0, NULL, NULL, 'N;'),
('admin@Tmm_playPass', 0, NULL, NULL, 'N;'),
('admin@Tmm_playRestore', 0, NULL, NULL, 'N;'),
('admin@Tmm_playStart', 0, NULL, NULL, 'N;'),
('admin@Tmm_playTags', 0, NULL, NULL, 'N;'),
('admin@Tmm_playUpdate', 0, NULL, NULL, 'N;'),
('admin@Tmm_playUploads', 0, NULL, NULL, 'N;'),
('admin@Tmm_playView', 0, NULL, NULL, 'N;'),
('admin@Tmm_pushAdmin', 0, NULL, NULL, 'N;'),
('admin@Tmm_pushIndex', 0, NULL, NULL, 'N;'),
('admin@Tmm_pushView', 0, NULL, NULL, 'N;'),
('admin@Tmm_refundLogAdmin', 0, NULL, NULL, 'N;'),
('admin@Tmm_refundLogDoubles_nopass', 0, NULL, NULL, 'N;'),
('admin@Tmm_refundLogDoubles_pass', 0, NULL, NULL, 'N;'),
('admin@Tmm_refundLogFirets_nopass', 0, NULL, NULL, 'N;'),
('admin@Tmm_refundLogFirets_pass', 0, NULL, NULL, 'N;'),
('admin@Tmm_refundLogSubmits_nopass', 0, NULL, NULL, 'N;'),
('admin@Tmm_refundLogSubmits_pass', 0, NULL, NULL, 'N;'),
('admin@Tmm_refundLogView', 0, NULL, NULL, 'N;'),
('admin@Tmm_retinueAdmin', 0, NULL, NULL, 'N;'),
('admin@Tmm_retinueClear', 0, NULL, NULL, 'N;'),
('admin@Tmm_retinueCreate', 0, NULL, NULL, 'N;'),
('admin@Tmm_retinueDelete', 0, NULL, NULL, 'N;'),
('admin@Tmm_retinueDisable', 0, NULL, NULL, 'N;'),
('admin@Tmm_retinueIndex', 0, NULL, NULL, 'N;'),
('admin@Tmm_retinueRestore', 0, NULL, NULL, 'N;'),
('admin@Tmm_retinueStart', 0, NULL, NULL, 'N;'),
('admin@Tmm_retinueUpdate', 0, NULL, NULL, 'N;'),
('admin@Tmm_retinueView', 0, NULL, NULL, 'N;'),
('admin@Tmm_shopsAdmin', 0, NULL, NULL, 'N;'),
('admin@Tmm_shopsAdmin_selected', 0, NULL, NULL, 'N;'),
('admin@Tmm_shopsClassliyAdmin', 0, NULL, NULL, 'N;'),
('admin@Tmm_shopsClassliyCreate', 0, NULL, NULL, 'N;'),
('admin@Tmm_shopsClassliyUpdate', 0, NULL, NULL, 'N;'),
('admin@Tmm_shopsClassliyView', 0, NULL, NULL, 'N;'),
('admin@Tmm_shopsIndex', 0, NULL, NULL, 'N;'),
('admin@Tmm_shopsRemove', 0, NULL, NULL, 'N;'),
('admin@Tmm_shopsSale_no', 0, NULL, NULL, 'N;'),
('admin@Tmm_shopsSale_yes', 0, NULL, NULL, 'N;'),
('admin@Tmm_shopsSelected', 0, NULL, NULL, 'N;'),
('admin@Tmm_shopsSelected_tops', 0, NULL, NULL, 'N;'),
('admin@Tmm_shopsSelected_tops_no', 0, NULL, NULL, 'N;'),
('admin@Tmm_shopsTops', 0, NULL, NULL, 'N;'),
('admin@Tmm_shopsTops_no', 0, NULL, NULL, 'N;'),
('admin@Tmm_softwareAdmin', 0, NULL, NULL, 'N;'),
('admin@Tmm_softwareCreate', 0, NULL, NULL, 'N;'),
('admin@Tmm_softwareDisable', 0, NULL, NULL, 'N;'),
('admin@Tmm_softwareDownload', 0, NULL, NULL, 'N;'),
('admin@Tmm_softwareStart', 0, NULL, NULL, 'N;'),
('admin@Tmm_storeAdmin', 0, NULL, NULL, 'N;'),
('admin@Tmm_storeBank', 0, NULL, NULL, 'N;'),
('admin@Tmm_storeClear', 0, NULL, NULL, 'N;'),
('admin@Tmm_storeClearSon', 0, NULL, NULL, 'N;'),
('admin@Tmm_storeCreate', 0, NULL, NULL, 'N;'),
('admin@Tmm_storeCreateSon', 0, NULL, NULL, 'N;'),
('admin@Tmm_storeDelete', 0, NULL, NULL, 'N;'),
('admin@Tmm_storeDeleteSon', 0, NULL, NULL, 'N;'),
('admin@Tmm_storeDeposit', 0, NULL, NULL, 'N;'),
('admin@Tmm_storeDisable', 0, NULL, NULL, 'N;'),
('admin@Tmm_storeDisableSon', 0, NULL, NULL, 'N;'),
('admin@Tmm_storeIndex', 0, NULL, NULL, 'N;'),
('admin@Tmm_storeIndexSon', 0, NULL, NULL, 'N;'),
('admin@Tmm_storeRestore', 0, NULL, NULL, 'N;'),
('admin@Tmm_storeRestoreSon', 0, NULL, NULL, 'N;'),
('admin@Tmm_storeSelect', 0, NULL, NULL, 'N;'),
('admin@Tmm_storeSon', 0, NULL, NULL, 'N;'),
('admin@Tmm_storeStart', 0, NULL, NULL, 'N;'),
('admin@Tmm_storeStartSon', 0, NULL, NULL, 'N;'),
('admin@Tmm_storeTags', 0, NULL, NULL, 'N;'),
('admin@Tmm_storeUpdate', 0, NULL, NULL, 'N;'),
('admin@Tmm_storeUpdateSon', 0, NULL, NULL, 'N;'),
('admin@Tmm_storeView', 0, NULL, NULL, 'N;'),
('admin@Tmm_storeViewSon', 0, NULL, NULL, 'N;'),
('admin@Tmm_tagsAdmin', 0, NULL, NULL, 'N;'),
('admin@Tmm_tagsCreate', 0, NULL, NULL, 'N;'),
('admin@Tmm_tagsDelete', 0, NULL, NULL, 'N;'),
('admin@Tmm_tagsDisable', 0, NULL, NULL, 'N;'),
('admin@Tmm_tagsIndex', 0, NULL, NULL, 'N;'),
('admin@Tmm_tagsRestore', 0, NULL, NULL, 'N;'),
('admin@Tmm_tagsStart', 0, NULL, NULL, 'N;'),
('admin@Tmm_tagsTypeAdmin', 0, NULL, NULL, 'N;'),
('admin@Tmm_tagsTypeClear', 0, NULL, NULL, 'N;'),
('admin@Tmm_tagsTypeCreate', 0, NULL, NULL, 'N;'),
('admin@Tmm_tagsTypeDelete', 0, NULL, NULL, 'N;'),
('admin@Tmm_tagsTypeDisable', 0, NULL, NULL, 'N;'),
('admin@Tmm_tagsTypeIndex', 0, NULL, NULL, 'N;'),
('admin@Tmm_tagsTypeRestore', 0, NULL, NULL, 'N;'),
('admin@Tmm_tagsTypeSelect', 0, NULL, NULL, 'N;'),
('admin@Tmm_tagsTypeSort', 0, NULL, NULL, 'N;'),
('admin@Tmm_tagsTypeStart', 0, NULL, NULL, 'N;'),
('admin@Tmm_tagsTypeTags', 0, NULL, NULL, 'N;'),
('admin@Tmm_tagsTypeTree', 0, NULL, NULL, 'N;'),
('admin@Tmm_tagsTypeUpdate', 0, NULL, NULL, 'N;'),
('admin@Tmm_tagsTypeView', 0, NULL, NULL, 'N;'),
('admin@Tmm_tagsUpdate', 0, NULL, NULL, 'N;'),
('admin@Tmm_tagsView', 0, NULL, NULL, 'N;'),
('admin@Tmm_thrandAdmin', 0, NULL, NULL, 'N;'),
('admin@Tmm_thrandConfirm', 0, NULL, NULL, 'N;'),
('admin@Tmm_thrandCreate', 0, NULL, NULL, 'N;'),
('admin@Tmm_thrandDelete', 0, NULL, NULL, 'N;'),
('admin@Tmm_thrandDisable', 0, NULL, NULL, 'N;'),
('admin@Tmm_thrandIndex', 0, NULL, NULL, 'N;'),
('admin@Tmm_thrandNopass', 0, NULL, NULL, 'N;'),
('admin@Tmm_thrandPack', 0, NULL, NULL, 'N;'),
('admin@Tmm_thrandPass', 0, NULL, NULL, 'N;'),
('admin@Tmm_thrandRestore', 0, NULL, NULL, 'N;'),
('admin@Tmm_thrandStart', 0, NULL, NULL, 'N;'),
('admin@Tmm_thrandTags', 0, NULL, NULL, 'N;'),
('admin@Tmm_thrandUpdate', 0, NULL, NULL, 'N;'),
('admin@Tmm_thrandView', 0, NULL, NULL, 'N;'),
('admin@Tmm_thrandView_dot', 0, NULL, NULL, 'N;'),
('admin@Tmm_userAdmin', 0, NULL, NULL, 'N;'),
('admin@Tmm_userClear', 0, NULL, NULL, 'N;'),
('admin@Tmm_userCreate', 0, NULL, NULL, 'N;'),
('admin@Tmm_userDelete', 0, NULL, NULL, 'N;'),
('admin@Tmm_userDisable', 0, NULL, NULL, 'N;'),
('admin@Tmm_userIndex', 0, NULL, NULL, 'N;'),
('admin@Tmm_userRestore', 0, NULL, NULL, 'N;'),
('admin@Tmm_userStart', 0, NULL, NULL, 'N;'),
('admin@Tmm_userTree', 0, NULL, NULL, 'N;'),
('admin@Tmm_userUpdate', 0, NULL, NULL, 'N;'),
('admin@Tmm_userView', 0, '查看用户账号详情', '', 's:0:"";'),
('admin@Tmm_wifiAdmin', 0, NULL, NULL, 'N;'),
('admin@Tmm_wifiClear', 0, NULL, NULL, 'N;'),
('admin@Tmm_wifiCreate', 0, NULL, NULL, 'N;'),
('admin@Tmm_wifiDelete', 0, NULL, NULL, 'N;'),
('admin@Tmm_wifiDisable', 0, NULL, NULL, 'N;'),
('admin@Tmm_wifiIndex', 0, NULL, NULL, 'N;'),
('admin@Tmm_wifiRestore', 0, NULL, NULL, 'N;'),
('admin@Tmm_wifiStart', 0, NULL, NULL, 'N;'),
('admin@Tmm_wifiUpdate', 0, NULL, NULL, 'N;'),
('admin@Tmm_wifiView', 0, NULL, NULL, 'N;'),
('srbac@AuthitemAssign', 0, NULL, NULL, 'N;'),
('srbac@AuthitemAssignments', 0, NULL, NULL, 'N;'),
('srbac@AuthitemAuto', 0, NULL, NULL, 'N;'),
('srbac@AuthitemAutocomplete', 0, NULL, NULL, 'N;'),
('srbac@AuthitemAutoCreateItems', 0, NULL, NULL, 'N;'),
('srbac@AuthitemAutoDeleteItems', 0, NULL, NULL, 'N;'),
('srbac@AuthitemClearObsolete', 0, NULL, NULL, 'N;'),
('srbac@AuthitemConfirm', 0, NULL, NULL, 'N;'),
('srbac@AuthitemCreate', 0, NULL, NULL, 'N;'),
('srbac@AuthitemDelete', 0, NULL, NULL, 'N;'),
('srbac@AuthitemDeleteObsolete', 0, NULL, NULL, 'N;'),
('srbac@AuthitemEditAllowed', 0, NULL, NULL, 'N;'),
('srbac@AuthitemFrontPage', 0, NULL, NULL, 'N;'),
('srbac@AuthitemGetCleverOpers', 0, NULL, NULL, 'N;'),
('srbac@AuthitemGetOpers', 0, NULL, NULL, 'N;'),
('srbac@AuthitemGetRoles', 0, NULL, NULL, 'N;'),
('srbac@AuthitemGetTasks', 0, NULL, NULL, 'N;'),
('srbac@AuthitemInstall', 0, NULL, NULL, 'N;'),
('srbac@AuthitemList', 0, NULL, NULL, 'N;'),
('srbac@AuthitemManage', 0, NULL, NULL, 'N;'),
('srbac@AuthitemSaveAllowed', 0, NULL, NULL, 'N;'),
('srbac@AuthitemScan', 0, NULL, NULL, 'N;'),
('srbac@AuthitemShow', 0, NULL, NULL, 'N;'),
('srbac@AuthitemShowAssignments', 0, NULL, NULL, 'N;'),
('srbac@AuthitemUpdate', 0, NULL, NULL, 'N;'),
('上传住项目图片', 1, '上传住项目图片', '', 's:0:"";'),
('上传吃项目图片', 1, '上传吃项目图片\r\n', '', 's:0:"";'),
('上传玩项目图片', 1, '上传玩项目图片', '', 's:0:"";'),
('上线住项目', 1, '上线住项目', '', 's:0:"";'),
('上线农产品外链', 1, '上线农产品外链', '', 's:0:"";'),
('上线吃项目', 1, '上线吃项目\r\n', '', 's:0:"";'),
('上线景点', 1, '上线景点', '', 's:0:"";'),
('上线活动', 1, '上线活动', '', 's:0:"";'),
('上线玩项目', 1, '上线玩项目', '', 's:0:"";'),
('上线线路', 1, '上线线路', '', 's:0:"";'),
('下线住项目', 1, '下线住项目', '', 's:0:"";'),
('下线农产品外链', 1, '下线农产品外链', '', 's:0:"";'),
('下线吃项目', 1, '下线吃项目', '', 's:0:"";'),
('下线景点', 1, '下线景点', '', 's:0:"";'),
('下线活动', 1, '下线活动', '', 's:0:"";'),
('下线玩项目', 1, '下线玩项目', '', 's:0:"";'),
('下线线路', 1, '下线线路', '', 's:0:"";'),
('下载软件更新包', 1, '下载软件更新包', '', 's:0:"";'),
('中级代理商账号管理角色', 2, '中级代理商账号管理角色', '', 's:0:"";'),
('中级住项目管理角色', 2, '中级住项目管理角色', '', 's:0:"";'),
('中级供应商账号管理角色', 2, '中级供应商账号管理角色', '', 's:0:"";'),
('中级全部内容管理角色', 2, '中级全部内容管理角色', '', 's:0:"";'),
('中级内容类型管理角色', 2, '中级内容类型管理角色', '', 's:0:"";'),
('中级农产品外链管理角色', 2, '中级农产品外链管理角色', '', 's:0:"";'),
('中级吃项目管理角色', 2, '中级吃项目管理角色', '', 's:0:"";'),
('中级地址管理角色', 2, '中级地址管理角色', '', 's:0:"";'),
('中级导航分组管理角色', 2, '中级导航分组管理角色', '', 's:0:"";'),
('中级导航管理角色', 2, '中级导航管理角色', '', 's:0:"";'),
('中级导航链接管理角色', 2, '中级导航链接管理角色', '', 's:0:"";'),
('中级平台管理角色', 2, '中级平台管理角色', '', 's:0:"";'),
('中级推荐内容管理角色', 2, '中级推荐内容管理角色', '', 's:0:"";'),
('中级景点管理角色', 2, '中级景点管理角色', '', 's:0:"";'),
('中级标签分类管理角色', 2, '中级标签分类管理角色', '', 's:0:"";'),
('中级标签管理角色', 2, '中级标签管理角色', '', 's:0:"";'),
('中级玩项目管理角色', 2, '中级玩项目管理角色', '', 's:0:"";'),
('中级用户账号管理角色', 2, '查看、编辑、添加', '', 's:0:"";'),
('中级线路管理角色', 2, '中级线路管理角色', '', 's:0:"";'),
('中级组织者活动订单管理角色', 2, '中级组织者活动订单管理角色', '', 's:0:"";'),
('中级结算申请管理角色', 2, '中级结算申请管理角色', '', 's:0:"";'),
('中级觅趣活动管理角色', 2, '中级觅趣活动管理角色', '', 's:0:"";'),
('中级订单随行人员管理角色', 2, '中级订单随行人员管理角色', '', 's:0:"";'),
('中级软件包管理角色', 2, '中级软件包管理角色', '', 's:0:"";'),
('中级运营商账号管理角色', 2, '中级运营商账号管理角色', '', 's:0:"";'),
('中级酒店服务管理角色', 2, '查看、编辑、添加', '', 's:0:"";'),
('中级项目类型管理角色', 2, '中级项目类型管理角色', '', 's:0:"";'),
('代理商账号审核不通过', 1, '代理商账号审核不通过\r\n', '', 's:0:"";'),
('代理商账号审核通过', 1, '代理商账号审核通过\r\n', '', 's:0:"";'),
('住项目审核不通过', 1, '住项目审核不通过\r\n', '', 's:0:"";'),
('住项目审核通过', 1, '住项目审核通过\r\n', '', 's:0:"";'),
('创建代理商账号', 1, '创建代理商账号\r\n', '', 's:0:"";'),
('创建住项目', 1, '创建住项目\r\n', '', 's:0:"";'),
('创建供应商子账号', 1, '创建供应商子账号\r\n', '', 's:0:"";'),
('创建供应商账号', 1, '创建供应商账号\r\n', '', 's:0:"";'),
('创建吃项目', 1, '创建吃项目\r\n', '', 's:0:"";'),
('创建平台账号', 1, '创建平台账号', '', 's:0:"";'),
('创建景点', 1, '创建景点', '', 's:0:"";'),
('创建标签', 1, '创建标签', '', 's:0:"";'),
('创建标签分类', 1, '创建标签分类\r\n', '', 's:0:"";'),
('创建玩项目', 1, '创建玩项目\r\n', '', 's:0:"";'),
('创建用户账号', 1, '创建用户账号', '', 's:0:"";'),
('创建线路', 1, '创建线路', '', 's:0:"";'),
('创建软件更新包', 1, '创建软件更新包', '', 's:0:"";'),
('创建运营商账号', 1, '创建运营商账号\r\n', '', 's:0:"";'),
('创建酒店服务', 1, '创建酒店服务\r\n', '', 's:0:"";'),
('创建随行人员', 1, '创建随行人员\r\n', '', 's:0:"";'),
('创建项目类型', 1, '创建项目类型', '', 's:0:"";'),
('删除代理商账号', 1, '删除代理商账号\r\n', '', 's:0:"";'),
('删除住项目', 1, '删除住项目\r\n', '', 's:0:"";'),
('删除供应商子账号', 1, '删除供应商子账号\r\n', '', 's:0:"";'),
('删除供应商账号', 1, '删除供应商账号\r\n', '', 's:0:"";'),
('删除农产品外链', 1, '删除农产品外链', '', 's:0:"";'),
('删除吃项目', 1, '删除吃项目', '', 's:0:"";'),
('删除导航', 1, '删除导航', '', 's:0:"";'),
('删除导航分组', 1, '删除导航分组', '', 's:0:"";'),
('删除导航链接', 1, '删除导航链接', '', 's:0:"";'),
('删除平台账号', 1, '删除平台账号', '', 's:0:"";'),
('删除景点', 1, '删除景点', '', 's:0:"";'),
('删除标签', 1, '删除标签', '', 's:0:"";'),
('删除标签分类', 1, '删除标签分类\r\n', '', 's:0:"";'),
('删除玩项目', 1, '删除玩项目\r\n', '', 's:0:"";'),
('删除用户账号', 1, '删除用户账号\r\n', '', 's:0:"";'),
('删除线路', 1, '删除线路', '', 's:0:"";'),
('删除运营商账号', 1, '删除运营商账号\r\n', '', 's:0:"";'),
('删除酒店服务', 1, '删除酒店服务\r\n', '', 's:0:"";'),
('删除随行人员', 1, '删除随行人员\r\n', '', 's:0:"";'),
('包装景点', 1, '包装景点', '', 's:0:"";'),
('包装活动', 1, '包装活动', '', 's:0:"";'),
('包装线路', 1, '包装线路', '', 's:0:"";'),
('取消内容推荐', 1, '取消内容推荐', '', 's:0:"";'),
('取消置顶全部内容', 1, '取消置顶全部内容', '', 's:0:"";'),
('取消置顶推荐内容', 1, '取消置顶推荐内容', '', 's:0:"";'),
('吃项目审核不通过', 1, '吃项目审核不通过\r\n', '', 's:0:"";'),
('吃项目审核通过', 1, '吃项目审核通过\r\n', '', 's:0:"";'),
('启用代理商账号', 1, '启用代理商账号\r\n', '', 's:0:"";'),
('启用供应商子账号', 1, '启用供应商子账号\r\n', '', 's:0:"";'),
('启用供应商账号', 1, '启用供应商账号\r\n', '', 's:0:"";'),
('启用导航', 1, '启用导航', '', 's:0:"";'),
('启用导航分组', 1, '启用导航分组', '', 's:0:"";'),
('启用导航链接', 1, '启用导航链接', '', 's:0:"";'),
('启用平台账号', 1, '启用平台账号', '', 's:0:"";'),
('启用标签', 1, '启用标签', '', 's:0:"";'),
('启用标签分类', 1, '启用标签分类\r\n', '', 's:0:"";'),
('启用用户账号', 1, '启用用户账号\r\n', '', 's:0:"";'),
('启用订单随行人员', 1, '启用订单随行人员', '', 's:0:"";'),
('启用软件更新包', 1, '启用软件更新包', '', 's:0:"";'),
('启用运营商账号', 1, '启用运营商账号\r\n', '', 's:0:"";'),
('启用酒店服务', 1, '启用酒店服务\r\n', '', 's:0:"";'),
('启用随行人员', 1, '启用随行人员\r\n', '', 's:0:"";'),
('审核活动不通过', 1, '审核活动不通过', '', 's:0:"";'),
('审核活动通过', 1, '审核活动通过', '', 's:0:"";'),
('恢复代理商账号', 1, '恢复代理商账号\r\n', '', 's:0:"";'),
('恢复住项目', 1, '恢复住项目\r\n', '', 's:0:"";'),
('恢复供应商子账号', 1, '恢复供应商子账号\r\n', '', 's:0:"";'),
('恢复供应商账号', 1, '恢复供应商账号\r\n', '', 's:0:"";'),
('恢复农产品外链', 1, '恢复农产品外链', '', 's:0:"";'),
('恢复吃项目', 1, '恢复吃项目', '', 's:0:"";'),
('恢复平台账号', 1, '恢复平台账号', '', 's:0:"";'),
('恢复景点', 1, '恢复景点', '', 's:0:"";'),
('恢复标签', 1, '恢复标签', '', 's:0:"";'),
('恢复标签分类', 1, '恢复标签分类\r\n', '', 's:0:"";'),
('恢复玩项目', 1, '恢复玩项目\r\n', '', 's:0:"";'),
('恢复用户账号', 1, '恢复用户账号\r\n', '', 's:0:"";'),
('恢复线路', 1, '恢复线路', '', 's:0:"";'),
('恢复运营商账号', 1, '恢复运营商账号\r\n', '', 's:0:"";'),
('恢复酒店服务', 1, '恢复酒店服务\r\n', '', 's:0:"";'),
('恢复随行人员', 1, '恢复随行人员\r\n', '', 's:0:"";'),
('提交住项目审核', 1, '提交住项目审核', '', 's:0:"";'),
('提交吃项目审核', 1, '提交吃项目审核', '', 's:0:"";'),
('提交景点审核', 1, '提交景点审核', '', 's:0:"";'),
('提交玩项目审核', 1, '提交玩项目审核', '', 's:0:"";'),
('提交线路审核', 1, '提交线路审核（修改后提交）', '', 's:0:"";'),
('显示导航', 1, '显示导航', '', 's:0:"";'),
('普通代理商账号管理角色', 2, '普通代理商账号管理角色', '', 's:0:"";'),
('普通住项目管理角色', 2, '普通住项目管理角色', '', 's:0:"";'),
('普通供应商账号管理角色', 2, '普通供应商账号管理角色', '', 's:0:"";'),
('普通保证金管理角色', 2, '普通保证金管理角色', '', 's:0:"";'),
('普通全部内容管理角色', 2, '普通全部内容管理角色', '', 's:0:"";'),
('普通全部项目管理角色', 2, '普通全部项目管理角色', '', 's:0:"";'),
('普通内容类型管理角色', 2, '普通内容类型管理角色', '', 's:0:"";'),
('普通农产品外链管理角色', 2, '普通农产品外链管理角色', '', 's:0:"";'),
('普通吃项目管理角色', 2, '普通吃项目管理角色', '', 's:0:"";'),
('普通地址管理角色', 2, '普通地址管理角色', '', 's:0:"";'),
('普通审核日志管理角色', 2, '普通审核日志管理角色', '', 's:0:"";'),
('普通导航分组管理角色', 2, '普通导航分组管理角色', '', 's:0:"";'),
('普通导航管理角色', 2, '普通导航管理角色', '', 's:0:"";'),
('普通导航链接管理角色', 2, '普通导航链接管理角色', '', 's:0:"";'),
('普通平台收益管理角色', 2, '普通平台收益管理角色', '', 's:0:"";'),
('普通平台管理角色', 2, '普通平台管理角色', '', 's:0:"";'),
('普通平台账单管理角色', 2, '普通平台账单管理角色', '', 's:0:"";'),
('普通抽成管理角色', 2, '普通抽成管理角色', '', 's:0:"";'),
('普通推荐内容管理角色', 2, '普通推荐内容管理角色', '', 's:0:"";'),
('普通操作日志管理角色', 2, '普通操作日志管理角色', '', 's:0:"";'),
('普通普通收益管理角色', 2, '普通普通收益管理角色', '', 's:0:"";'),
('普通景点管理角色', 2, '普通景点管理角色', '', 's:0:"";'),
('普通标签分类管理角色', 2, '普通标签分类管理角色', '', 's:0:"";'),
('普通标签管理角色', 2, '普通标签管理角色', '', 's:0:"";'),
('普通玩项目管理角色', 2, '普通玩项目管理角色', '', 's:0:"";'),
('普通用户账号管理角色', 2, '普通用户账号角色', '', 's:0:"";'),
('普通登录日志管理角色', 2, '普通登录日志管理角色', '', 's:0:"";'),
('普通线路管理角色', 2, '普通线路管理角色', '', 's:0:"";'),
('普通组织者活动订单管理角色', 2, '普通组织者活动订单管理角色', '', 's:0:"";'),
('普通结算申请管理角色', 2, '普通结算申请管理角色', '', 's:0:"";'),
('普通觅境订单管理角色', 2, '普通觅境订单管理角色', '', 's:0:"";'),
('普通觅趣活动管理角色', 2, '普通觅趣活动管理角色', '', 's:0:"";'),
('普通觅趣订单管理角色', 2, '', '', 's:0:"";'),
('普通订单随行人员管理角色', 2, '普通订单随行人员管理角色', '', 's:0:"";'),
('普通软件包管理角色', 2, '普通软件包管理角色', '', 's:0:"";'),
('普通运营商账号管理角色', 2, '普通运营商账号管理角色', '', 's:0:"";'),
('普通酒店服务管理角色', 2, '普通酒店服务角色', '', 's:0:"";'),
('普通钱包管理管理角色', 2, '普通钱包管理角色', '', 's:0:"";'),
('普通错误日志管理角色', 2, '普通错误日志管理角色', '', 's:0:"";'),
('普通项目类型管理角色', 2, '普通项目类型管理角色', '', 's:0:"";'),
('景点审核不通过', 1, '景点审核不通过', '', 's:0:"";'),
('景点审核通过', 1, '景点审核通过', '', 's:0:"";'),
('更新导航分组排序', 1, '更新导航分组排序', '', 's:0:"";'),
('更新导航排序', 1, '更新导航排序', '', 's:0:"";'),
('更新导航链接排序', 1, '更新导航链接排序', '', 's:0:"";'),
('更新标签分类排序', 1, '更新标签分类排序', '', 's:0:"";'),
('更新标签排序', 1, '更新标签排序', '', 's:0:"";'),
('权限管理任务', 1, '权限管理任务（可以分配权限）一般由超级权限的人持有', '', 's:0:"";'),
('权限管理角色', 2, NULL, NULL, NULL),
('查看代理商账号垃圾回收页', 1, '查看代理商账号垃圾回收页', '', 's:0:"";'),
('查看代理商账号管理页', 1, '查看代理商账号管理页', '', 's:0:"";'),
('查看代理商账号详情', 1, '查看代理商账号详情', '', 's:0:"";'),
('查看住项目垃圾回收页', 1, '查看住项目垃圾回收页', '', 's:0:"";'),
('查看住项目管理页', 1, '查看住项目管理页', '', 's:0:"";'),
('查看住项目详情', 1, '查看住项目详情', '', 's:0:"";'),
('查看供应商子账号垃圾回收页', 1, '查看供应商子账号垃圾回收页', '', 's:0:"";'),
('查看供应商子账号管理页', 1, '查看供应商子账号管理页\r\n', '', 's:0:"";'),
('查看供应商子账号详情', 1, '查看供应商子账号详情', '', 's:0:"";'),
('查看供应商账号垃圾回收页', 1, '查看供应商账号垃圾回收页\r\n', '', 's:0:"";'),
('查看供应商账号管理页', 1, '查看供应商账号管理页\r\n', '', 's:0:"";'),
('查看供应商账号详情', 1, '查看供应商账号详情', '', 's:0:"";'),
('查看保证金记录管理页', 1, '查看保证金记录管理页', '', 's:0:"";'),
('查看保证金记录详情', 1, '查看保证金记录详情', '', 's:0:"";'),
('查看全部内容回收管理页', 1, '查看全部内容回收管理页', '', 's:0:"";'),
('查看全部内容管理页', 1, '查看全部内容管理页', '', 's:0:"";'),
('查看全部项目回收管理页', 1, '查看全部项目回收管理页', '', 's:0:"";'),
('查看全部项目管理页', 1, '查看全部项目管理页', '', 's:0:"";'),
('查看内容类型管理页', 1, '查看内容类型管理页', '', 's:0:"";'),
('查看内容类型详情', 1, '查看内容类型详情', '', 's:0:"";'),
('查看农产品外链回收管理页', 1, '查看农产品外链回收管理页', '', 's:0:"";'),
('查看农产品外链管理页', 1, '查看农产品外链管理页', '', 's:0:"";'),
('查看农产品外链详情', 1, '查看农产品外链详情', '', 's:0:"";'),
('查看吃项目垃圾回收页', 1, '查看吃项目垃圾回收页\r\n', '', 's:0:"";'),
('查看吃项目管理页', 1, '查看吃项目管理页', '', 's:0:"";'),
('查看吃项目详情', 1, '查看吃项目详情', '', 's:0:"";'),
('查看地址管理页', 1, '查看地址管理页', '', 's:0:"";'),
('查看地址详情', 1, '查看地址详情', '', 's:0:"";'),
('查看审核日志管理页', 1, '查看审核日志管理页', '', 's:0:"";'),
('查看审核日志详情页', 1, '查看审核日志详情页', '', 's:0:"";'),
('查看导航分组详情', 1, '查看导航分组详情', '', 's:0:"";'),
('查看导航详情', 1, '查看导航详情', '', 's:0:"";'),
('查看导航链接详情', 1, '查看导航链接详情', '', 's:0:"";'),
('查看平台收益管理页', 1, '查看平台收益管理页', '', 's:0:"";'),
('查看平台收益详情', 1, '查看平台收益详情', '', 's:0:"";'),
('查看平台账单管理页', 1, '查看平台账单管理页', '', 's:0:"";'),
('查看平台账单详情', 1, '查看平台账单详情', '', 's:0:"";'),
('查看平台账号管理页', 1, '查看平台账号管理页', '', 's:0:"";'),
('查看平台账号详情', 1, '查看平台账号详情', '', 's:0:"";'),
('查看抽成管理回收页', 1, '查看抽成管理回收页', '', 's:0:"";'),
('查看抽成详情', 1, '查看抽成详情', '', 's:0:"";'),
('查看抽查管理页', 1, '查看抽查管理页', '', 's:0:"";'),
('查看推荐内容管理页', 1, '查看推荐内容管理页', '', 's:0:"";'),
('查看操作日志管理页', 1, '查看操作日志管理页', '', 's:0:"";'),
('查看操作日志详情', 1, '查看操作日志详情', '', 's:0:"";'),
('查看景点回收管理页', 1, '查看景点回收管理页', '', 's:0:"";'),
('查看景点管理页', 1, '查看景点管理页', '', 's:0:"";'),
('查看景点详情', 1, '查看景点详情', '', 's:0:"";'),
('查看标签分类垃圾站', 1, '查看标签分类垃圾站', '', 's:0:"";'),
('查看标签分类树形管理', 1, '查看标签分类树形管理\r\n', '', 's:0:"";'),
('查看标签分类管理页', 1, '查看标签分类管理页', '', 's:0:"";'),
('查看标签分类详情', 1, '查看标签分类详情', '', 's:0:"";'),
('查看标签回收管理页', 1, '查看标签回收管理页', '', 's:0:"";'),
('查看标签管理页', 1, '查看标签管理页', '', 's:0:"";'),
('查看标签详情', 1, '查看标签详情', '', 's:0:"";'),
('查看活动垃圾回收', 1, '查看活动垃圾回收', '', 's:0:"";'),
('查看活动标签', 1, '查看活动标签', '', 's:0:"";'),
('查看活动管理', 1, '查看活动管理', '', 's:0:"";'),
('查看活动详情(审核之前)', 1, '查看活动详情(审核之前)', '', 's:0:"";'),
('查看玩项目垃圾回收页', 1, '查看玩项目垃圾回收页', '', 's:0:"";'),
('查看玩项目管理页', 1, '查看玩项目管理页', '', 's:0:"";'),
('查看玩项目详情', 1, '查看玩项目详情', '', 's:0:"";'),
('查看用户账号垃圾站', 1, '查看用户账号垃圾站', '', 's:0:"";'),
('查看用户账号管理', 1, '查看用户账号管理', '', 's:0:"";'),
('查看用户账号详情', 1, '查看用户账号详情', '', 's:0:"";'),
('查看登录日志管理页', 1, '查看登录日志管理页', '', 's:0:"";'),
('查看登录日志详情', 1, '查看登录日志详情', '', 's:0:"";'),
('查看线路垃圾回收管理页', 1, '查看线路垃圾回收管理页', '', 's:0:"";'),
('查看线路点详情', 1, '查看线路点详情', '', 's:0:"";'),
('查看线路管理页', 1, '查看线路管理页', '', 's:0:"";'),
('查看线路详情', 1, '查看线路详情', '', 's:0:"";'),
('查看组织者活动订单管理页', 1, '查看组织者活动订单管理页', '', 's:0:"";'),
('查看组织者活动订单详情', 1, '查看组织者活动订单详情', '', 's:0:"";'),
('查看结算申请管理页', 1, '查看结算申请管理页', '', 's:0:"";'),
('查看结算申请详情', 1, '查看结算申请详情', '', 's:0:"";'),
('查看觅境订单管理页', 1, '查看觅境订单管理页', '', 's:0:"";'),
('查看觅境订单详情', 1, '查看觅境订单详情', '', 's:0:"";'),
('查看觅趣订单管理页', 1, '查看觅趣订单管理页', '', 's:0:"";'),
('查看觅趣订单详情', 1, '查看觅趣订单详情', '', 's:0:"";'),
('查看订单随行人员操作', 1, '查看订单随行人员操作', '', 's:0:"";'),
('查看订单随行人员管理页', 1, '查看订单随行人员管理页', '', 's:0:"";'),
('查看订单随行人员详情', 1, '查看订单随行人员详情', '', 's:0:"";'),
('查看资金流水管理页', 1, '查看资金流水管理页', '', 's:0:"";'),
('查看资金流水详情', 1, '查看资金流水详情', '', 's:0:"";'),
('查看软件更新管理页', 1, '查看软件更新管理页', '', 's:0:"";'),
('查看运营商垃圾回收站', 1, '查看运营商垃圾回收站', '', 's:0:"";'),
('查看运营商账号管理页', 1, '查看运营商账号管理页', '', 's:0:"";'),
('查看运营商账号详情', 1, '查看运营商账号详情', '', 's:0:"";'),
('查看退款记录管理页', 1, '查看退款记录管理页', '', 's:0:"";'),
('查看退款记录详情', 1, '查看退款记录详情', '', 's:0:"";'),
('查看酒店服务垃圾站', 1, '查看酒店服务垃圾站', '', 's:0:"";'),
('查看酒店服务管理页', 1, '查看酒店服务管理页', '', 's:0:"";'),
('查看酒店服务详情', 1, '查看酒店服务详情', '', 's:0:"";'),
('查看钱包管理', 1, '查看钱包管理', '', 's:0:"";'),
('查看钱包详情', 1, '查看钱包详情', '', 's:0:"";'),
('查看错误日志管理页', 1, '查看错误日志管理页', '', 's:0:"";'),
('查看错误日志详情', 1, '查看错误日志详情', '', 's:0:"";'),
('查看随行人员垃圾回收页', 1, '查看随行人员垃圾回收页', '', 's:0:"";'),
('查看随行人员管理页', 1, '查看随行人员管理页', '', 's:0:"";'),
('查看随行人员详情', 1, '查看随行人员详情', '', 's:0:"";'),
('查看项目类型管理页', 1, '查看项目类型管理页', '', 's:0:"";'),
('查看项目类型详情', 1, '查看项目类型详情', '', 's:0:"";'),
('添加住项目tag', 1, '添加住项目tag', '', 's:0:"";'),
('添加供应商tag', 1, '添加供应商tag', '', 's:0:"";'),
('添加内容类型', 1, '添加内容类型', '', 's:0:"";'),
('添加农产品外链', 1, '添加农产品外链', '', 's:0:"";'),
('添加吃项目tag', 1, '添加吃项目tag', '', 's:0:"";'),
('添加导航', 1, '添加导航', '', 's:0:"";'),
('添加导航分组', 1, '添加导航分组', '', 's:7:"s:0:"";";'),
('添加导航链接', 1, '添加导航链接', '', 's:7:"s:0:"";";'),
('添加标签分类tag', 1, '添加标签分类tag', '', 's:0:"";'),
('添加玩项目tag', 1, '添加玩项目tag', '', 's:0:"";'),
('玩项目审核不通过', 1, '玩项目审核不通过\r\n', '', 's:0:"";'),
('玩项目审核通过', 1, '玩项目审核通过\r\n', '', 's:0:"";'),
('禁用代理商账号', 1, '禁用代理商账号\r\n', '', 's:0:"";'),
('禁用供应商子账号', 1, '禁用供应商子账号\r\n', '', 's:0:"";'),
('禁用供应商账号', 1, '禁用供应商账号\r\n', '', 's:0:"";'),
('禁用导航', 1, '禁用导航', '', 's:0:"";'),
('禁用导航分组', 1, '禁用导航分组', '', 's:0:"";'),
('禁用导航链接', 1, '禁用导航链接', '', 's:0:"";'),
('禁用平台账号', 1, '禁用平台账号', '', 's:0:"";'),
('禁用标签', 1, '禁用标签', '', 's:0:"";'),
('禁用标签分类', 1, '禁用标签分类\r\n', '', 's:0:"";'),
('禁用用户账号', 1, '禁用用户账号\r\n', '', 's:0:"";'),
('禁用订单随行人员', 1, '禁用订单随行人员', '', 's:0:"";'),
('禁用软件更新包', 1, '禁用软件更新包', '', 's:0:"";'),
('禁用运营商账号', 1, '禁用运营商账号\r\n', '', 's:0:"";'),
('禁用酒店服务', 1, '禁用酒店服务\r\n', '', 's:0:"";'),
('禁用随行人员', 1, '禁用随行人员\r\n', '', 's:0:"";'),
('移动导航分组', 1, '移动导航分组', '', 's:0:"";'),
('移动导航链接', 1, '移动导航链接', '', 's:0:"";'),
('线路审核不通过', 1, '线路审核不通过', '', 's:0:"";'),
('线路审核通过', 1, '线路审核通过', '', 's:0:"";'),
('组织者活动订单申请退款', 1, '组织者活动订单申请退款', '', 's:0:"";'),
('结算申请三审不通过', 1, '结算申请三审不通过', '', 's:0:"";'),
('结算申请三审操作', 1, '结算申请三审操作', '', 's:0:"";'),
('结算申请三审通过', 1, '结算申请三审通过', '', 's:0:"";'),
('结算申请初审不通过', 1, '结算申请初审不通过', '', 's:0:"";'),
('结算申请初审操作', 1, '结算申请初审操作', '', 's:0:"";'),
('结算申请初审通过', 1, '结算申请初审通过', '', 's:0:"";'),
('结算申请复审不通过', 1, '结算申请复审不通过', '', 's:0:"";'),
('结算申请复审操作', 1, '结算申请复审操作', '', 's:0:"";'),
('结算申请复审通过', 1, '结算申请复审通过', '', 's:0:"";'),
('编辑代理商账号', 1, '编辑代理商账号\r\n', '', 's:0:"";'),
('编辑住项目', 1, '编辑住项目\r\n', '', 's:0:"";'),
('编辑供应商子账号', 1, '编辑供应商子账号\r\n', '', 's:0:"";'),
('编辑供应商账号', 1, '编辑供应商账号\r\n', '', 's:0:"";'),
('编辑修改内容类型', 1, '编辑修改内容类型', '', 's:0:"";'),
('编辑修改农产品外链', 1, '编辑修改农产品外链', '', 's:0:"";'),
('编辑修改导航', 1, '编辑修改导航', '', 's:0:"";'),
('编辑修改导航分组', 1, '编辑修改导航分组', '', 's:0:"";'),
('编辑修改导航链接', 1, '编辑修改导航链接', '', 's:0:"";'),
('编辑修改景点', 1, '编辑修改景点', '', 's:0:"";'),
('编辑修改标签', 1, '编辑修改标签', '', 's:0:"";'),
('编辑修改线路', 1, '编辑修改线路', '', 's:0:"";'),
('编辑修改订单随行人员', 1, '编辑修改订单随行人员', '', 's:0:"";'),
('编辑修改项目类型', 1, '编辑修改项目类型', '', 's:0:"";'),
('编辑吃项目', 1, '编辑吃项目\r\n', '', 's:0:"";'),
('编辑平台账号', 1, '编辑平台账号', '', 's:0:"";'),
('编辑标签分类', 1, '编辑标签分类\r\n', '', 's:0:"";'),
('编辑活动标签', 1, '编辑活动标签', '', 's:0:"";'),
('编辑玩项目', 1, '编辑玩项目\r\n', '', 's:0:"";'),
('编辑用户账号信息', 1, '编辑用户账号信息', '', 's:0:"";'),
('编辑用户账号标签', 1, '编辑用户账号标签', '', 's:0:"";'),
('编辑运营商账号', 1, '编辑运营商账号\r\n', '', 's:0:"";'),
('编辑酒店服务', 1, '编辑酒店服务\r\n', '', 's:0:"";'),
('编辑随行人员', 1, '编辑随行人员\r\n', '', 's:0:"";'),
('置顶全部内容', 1, '置顶全部内容', '', 's:0:"";'),
('置顶推荐内容', 1, '置顶推荐内容', '', 's:0:"";'),
('设置代理商保证金', 1, '设置代理商保证金', '', 's:0:"";'),
('设置代理商银行信息', 1, '设置代理商银行信息\r\n', '', 's:0:"";'),
('设置住项目酒店服务', 1, '设置住项目酒店服务\r\n', '', 's:0:"";'),
('设置供应商保证金', 1, '供应商保证金设置\r\n', '', 's:0:"";'),
('设置供应商银行信息', 1, '设置供应商银行信息\r\n', '', 's:0:"";'),
('设置全部项目分成', 1, '设置全部项目分成', '', 's:0:"";'),
('设置内容为推荐', 1, '设置内容为推荐', '', 's:0:"";'),
('设置内容可卖', 1, '设置内容可卖', '', 's:0:"";'),
('设置内容非卖', 1, '设置内容非卖', '', 's:0:"";'),
('设置景点标签', 1, '设置景点标签', '', 's:0:"";'),
('设置热门城市', 1, '设置热门城市', '', 's:0:"";'),
('设置线路标签', 1, '设置线路标签', '', 's:0:"";'),
('设置运营商保证金', 1, '设置运营商保证金', '', 's:0:"";'),
('设置运营商银行信息', 1, '设置运营商银行信息\r\n', '', 's:0:"";'),
('退款记录一审不通过', 1, '退款记录一审不通过', '', 's:0:"";'),
('退款记录一审通过', 1, '退款记录一审通过', '', 's:0:"";'),
('退款记录三审不通过', 1, '退款记录三审不通过', '', 's:0:"";'),
('退款记录三审通过', 1, '退款记录三审通过', '', 's:0:"";'),
('退款记录二审不通过', 1, '退款记录二审不通过', '', 's:0:"";'),
('退款记录二审通过', 1, '退款记录二审通过', '', 's:0:"";'),
('隐藏导航', 1, '隐藏导航', '', 's:0:"";'),
('高级代理商账号管理角色', 2, '高级代理商账号管理角色', '', 's:0:"";'),
('高级住项目管理角色', 2, '高级住项目管理角色', '', 's:0:"";'),
('高级供应商账号管理角色', 2, '高级供应商账号管理角色', '', 's:0:"";'),
('高级全部项目管理角色', 2, '高级全部项目管理角色', '', 's:0:"";'),
('高级农产品外链管理角色', 2, '高级农产品外链管理角色', '', 's:0:"";'),
('高级吃项目管理角色', 2, '高级吃项目管理角色', '', 's:0:"";'),
('高级导航分组管理角色', 2, '高级导航分组管理角色', '', 's:0:"";'),
('高级导航管理角色', 2, '高级导航管理角色', '', 's:0:"";'),
('高级导航链接管理角色', 2, '高级导航链接管理角色', '', 's:0:"";'),
('高级平台管理角色', 2, '高级平台管理角色', '', 's:0:"";'),
('高级抽成管理角色', 2, '高级抽成管理角色', '', 's:0:"";'),
('高级景点管理角色', 2, '高级景点管理角色', '', 's:0:"";'),
('高级标签分类管理角色', 2, '高级标签分类管理角色', '', 's:0:"";'),
('高级标签管理角色', 2, '高级标签管理角色', '', 's:0:"";'),
('高级玩项目管理角色', 2, '高级玩项目管理角色', '', 's:0:"";'),
('高级用户账号管理角色', 2, '查看、编辑、创建、禁用、启用、删除、垃圾回收', '', 's:0:"";'),
('高级线路管理角色', 2, '高级线路管理角色', '', 's:0:"";'),
('高级觅趣活动管理角色', 2, '高级觅趣活动管理角色', '', 's:0:"";'),
('高级运营商账号管理角色', 2, '高级运营商账号管理角色', '', 's:0:"";'),
('高级酒店服务管理角色', 2, '查看、编辑、创建、禁用、启用、删除、垃圾回收', '', 's:0:"";');

--
-- 限制导出的表
--

--
-- 限制表 `tmm_zassignments`
--
ALTER TABLE `tmm_zassignments`
  ADD CONSTRAINT `tmm_zassignments_ibfk_1` FOREIGN KEY (`itemname`) REFERENCES `tmm_zitems` (`name`) ON DELETE CASCADE ON UPDATE CASCADE;

--
-- 限制表 `tmm_zitemchilds`
--
ALTER TABLE `tmm_zitemchilds`
  ADD CONSTRAINT `tmm_zitemchilds_ibfk_1` FOREIGN KEY (`parent`) REFERENCES `tmm_zitems` (`name`) ON DELETE CASCADE ON UPDATE CASCADE,
  ADD CONSTRAINT `tmm_zitemchilds_ibfk_2` FOREIGN KEY (`child`) REFERENCES `tmm_zitems` (`name`) ON DELETE CASCADE ON UPDATE CASCADE;
